"State","District","Crop","Season","Yield-2021-22","Yield-2022-23","Yield-2023-24"
"Odisha","Anugul","Rice","Kharif","1696.00","1622.00","2332.00"
"Odisha","Anugul","Rice","Rabi","2292.00","3388.00",""
"Odisha","Anugul","Rice","Summer","2471.00","3203.00",""
"Odisha","Anugul","Rice","Total","2268.00","3375.00","2313.00"
"Odisha","Anugul","Maize","Kharif","2471.00","2534.00","2829.00"
"Odisha","Anugul","Maize","Rabi","3160.00","2645.00",""
"Odisha","Anugul","Maize","Summer","2312.00","2322.00","3635.00"
"Odisha","Anugul","Maize","Total","2449.00","2532.00","2907.00"
"Odisha","Anugul","Ragi","Kharif","825.00","718.00","768.00"
"Odisha","Anugul","Ragi","Summer","","546.00",""
"Odisha","Anugul","Ragi","Total","825.00","714.00","768.00"
"Odisha","Anugul","Shree Anna /Nutri Cereals","Kharif","825.00","718.00","768.00"
"Odisha","Anugul","Shree Anna /Nutri Cereals","Summer","","546.00",""
"Odisha","Anugul","Shree Anna /Nutri Cereals","Total","825.00","714.00","768.00"
"Odisha","Anugul","Nutri/Coarse Cereals","Kharif","2459.00","1092.00","1366.00"
"Odisha","Anugul","Nutri/Coarse Cereals","Rabi","3160.00","2645.00",""
"Odisha","Anugul","Nutri/Coarse Cereals","Summer","2312.00","978.00","3635.00"
"Odisha","Anugul","Nutri/Coarse Cereals","Total","2439.00","1100.00","1435.00"
"Odisha","Anugul","Cereals","Kharif","1819.00","1261.00","2323.00"
"Odisha","Anugul","Cereals","Rabi","2292.00","3388.00",""
"Odisha","Anugul","Cereals","Summer","2394.00","3136.00","120.00"
"Odisha","Anugul","Cereals","Total","2270.00","3344.00","2305.00"
"Odisha","Anugul","Urad","Kharif","386.00","415.00","420.00"
"Odisha","Anugul","Urad","Rabi","403.00","410.00",""
"Odisha","Anugul","Urad","Summer","524.00","411.00","409.00"
"Odisha","Anugul","Urad","Total","398.00","412.00","419.00"
"Odisha","Anugul","Moong","Kharif","375.00","377.00","397.00"
"Odisha","Anugul","Moong","Rabi","375.00","376.00",""
"Odisha","Anugul","Moong","Summer","669.00","383.00","377.00"
"Odisha","Anugul","Moong","Total","415.00","377.00","395.00"
"Odisha","Anugul","Other Pulses","Kharif","","","449.00"
"Odisha","Anugul","Other Pulses","Rabi","418.00","429.00",""
"Odisha","Anugul","Other Pulses","Total","418.00","429.00","449.00"
"Odisha","Anugul","Total Pulses","Total","408.00","403.00","417.00"
"Odisha","Anugul","Total Food Grains","Kharif","1218.00","939.00","2192.00"
"Odisha","Anugul","Total Food Grains","Rabi","2215.00","3299.00",""
"Odisha","Anugul","Total Food Grains","Summer","1277.00","2763.00","238.00"
"Odisha","Anugul","Total Food Grains","Total","2131.00","3223.00","2165.00"
"Odisha","Balangir","Rice","Kharif","910.00","1431.00","1815.00"
"Odisha","Balangir","Rice","Rabi","1615.00","2327.00",""
"Odisha","Balangir","Rice","Summer","3556.00","3349.00",""
"Odisha","Balangir","Rice","Total","1430.00","2151.00","1756.00"
"Odisha","Balangir","Maize","Kharif","3474.00","3642.00","3722.00"
"Odisha","Balangir","Maize","Rabi","2777.00","3802.00",""
"Odisha","Balangir","Maize","Summer","2894.00","3350.00","2909.00"
"Odisha","Balangir","Maize","Total","3301.00","3643.00","3715.00"
"Odisha","Balangir","Ragi","Kharif","378.00","288.00","410.00"
"Odisha","Balangir","Ragi","Rabi","298.00","",""
"Odisha","Balangir","Ragi","Total","375.00","288.00","410.00"
"Odisha","Balangir","Shree Anna /Nutri Cereals","Kharif","378.00","288.00","410.00"
"Odisha","Balangir","Shree Anna /Nutri Cereals","Rabi","298.00","",""
"Odisha","Balangir","Shree Anna /Nutri Cereals","Total","375.00","288.00","410.00"
"Odisha","Balangir","Nutri/Coarse Cereals","Kharif","2629.00","3162.00","1748.00"
"Odisha","Balangir","Nutri/Coarse Cereals","Rabi","2648.00","3802.00",""
"Odisha","Balangir","Nutri/Coarse Cereals","Summer","2894.00","3350.00","2909.00"
"Odisha","Balangir","Nutri/Coarse Cereals","Total","2636.00","3171.00","1752.00"
"Odisha","Balangir","Cereals","Kharif","1010.00","1542.00","1814.00"
"Odisha","Balangir","Cereals","Rabi","1624.00","2327.00",""
"Odisha","Balangir","Cereals","Summer","3548.00","3349.00","8.00"
"Odisha","Balangir","Cereals","Total","1461.00","2169.00","1756.00"
"Odisha","Balangir","Urad","Kharif","345.00","322.00","384.00"
"Odisha","Balangir","Urad","Rabi","364.00","338.00",""
"Odisha","Balangir","Urad","Summer","331.00","443.00","339.00"
"Odisha","Balangir","Urad","Total","352.00","343.00","377.00"
"Odisha","Balangir","Moong","Kharif","351.00","334.00","377.00"
"Odisha","Balangir","Moong","Rabi","370.00","368.00",""
"Odisha","Balangir","Moong","Summer","358.00","413.00","354.00"
"Odisha","Balangir","Moong","Total","361.00","367.00","368.00"
"Odisha","Balangir","Other Pulses","Kharif","","","377.00"
"Odisha","Balangir","Other Pulses","Rabi","380.00","382.00",""
"Odisha","Balangir","Other Pulses","Total","380.00","382.00","377.00"
"Odisha","Balangir","Total Pulses","Total","363.00","364.00","371.00"
"Odisha","Balangir","Total Food Grains","Kharif","904.00","1312.00","1656.00"
"Odisha","Balangir","Total Food Grains","Rabi","1417.00","2126.00",""
"Odisha","Balangir","Total Food Grains","Summer","2232.00","2106.00","216.00"
"Odisha","Balangir","Total Food Grains","Total","1270.00","1899.00","1556.00"
"Odisha","Baleshwar","Rice","Kharif","","","1971.00"
"Odisha","Baleshwar","Rice","Rabi","2423.00","2958.00",""
"Odisha","Baleshwar","Rice","Summer","3765.00","3702.00",""
"Odisha","Baleshwar","Rice","Total","2655.00","3117.00","1539.00"
"Odisha","Baleshwar","Wheat","Summer","2500.00","",""
"Odisha","Baleshwar","Wheat","Total","2500.00","",""
"Odisha","Baleshwar","Maize","Summer","3900.00","3160.00","2501.00"
"Odisha","Baleshwar","Maize","Total","3900.00","3160.00","2501.00"
"Odisha","Baleshwar","Ragi","Kharif","","","645.00"
"Odisha","Baleshwar","Ragi","Total","","","645.00"
"Odisha","Baleshwar","Shree Anna /Nutri Cereals","Kharif","","","645.00"
"Odisha","Baleshwar","Shree Anna /Nutri Cereals","Total","","","645.00"
"Odisha","Baleshwar","Nutri/Coarse Cereals","Kharif","","","645.00"
"Odisha","Baleshwar","Nutri/Coarse Cereals","Summer","3900.00","3160.00","2501.00"
"Odisha","Baleshwar","Nutri/Coarse Cereals","Total","3900.00","3160.00","681.00"
"Odisha","Baleshwar","Cereals","Kharif","","","1970.00"
"Odisha","Baleshwar","Cereals","Rabi","2423.00","2958.00",""
"Odisha","Baleshwar","Cereals","Summer","3765.00","3702.00","0.00"
"Odisha","Baleshwar","Cereals","Total","2655.00","3117.00","1538.00"
"Odisha","Baleshwar","Urad","Kharif","400.00","",""
"Odisha","Baleshwar","Urad","Summer","343.00","391.00","340.00"
"Odisha","Baleshwar","Urad","Total","343.00","391.00","340.00"
"Odisha","Baleshwar","Moong","Summer","381.00","475.00","365.00"
"Odisha","Baleshwar","Moong","Total","381.00","475.00","365.00"
"Odisha","Baleshwar","Total Pulses","Total","371.00","447.00","356.00"
"Odisha","Baleshwar","Total Food Grains","Kharif","400.00","","1970.00"
"Odisha","Baleshwar","Total Food Grains","Rabi","2423.00","2958.00",""
"Odisha","Baleshwar","Total Food Grains","Summer","3528.00","3607.00","25.00"
"Odisha","Baleshwar","Total Food Grains","Total","2626.00","3100.00","1519.00"
"Odisha","Bargarh","Rice","Kharif","360.00","3026.00","2314.00"
"Odisha","Bargarh","Rice","Rabi","2122.00","4169.00",""
"Odisha","Bargarh","Rice","Summer","4463.00","4017.00",""
"Odisha","Bargarh","Rice","Total","2590.00","4023.00","1663.00"
"Odisha","Bargarh","Wheat","Summer","1303.00","1596.00",""
"Odisha","Bargarh","Wheat","Total","1303.00","1596.00",""
"Odisha","Bargarh","Maize","Kharif","1751.00","1810.00","2304.00"
"Odisha","Bargarh","Maize","Rabi","940.00","2460.00",""
"Odisha","Bargarh","Maize","Summer","1515.00","2000.00","1460.00"
"Odisha","Bargarh","Maize","Total","1490.00","1906.00","2134.00"
"Odisha","Bargarh","Ragi","Kharif","","254.00","411.00"
"Odisha","Bargarh","Ragi","Rabi","206.00","215.00",""
"Odisha","Bargarh","Ragi","Summer","400.00","373.00",""
"Odisha","Bargarh","Ragi","Total","210.00","236.00","411.00"
"Odisha","Bargarh","Shree Anna /Nutri Cereals","Kharif","","254.00","411.00"
"Odisha","Bargarh","Shree Anna /Nutri Cereals","Rabi","206.00","215.00",""
"Odisha","Bargarh","Shree Anna /Nutri Cereals","Summer","400.00","373.00",""
"Odisha","Bargarh","Shree Anna /Nutri Cereals","Total","210.00","236.00","411.00"
"Odisha","Bargarh","Nutri/Coarse Cereals","Kharif","1751.00","1569.00","494.00"
"Odisha","Bargarh","Nutri/Coarse Cereals","Rabi","376.00","269.00",""
"Odisha","Bargarh","Nutri/Coarse Cereals","Summer","1306.00","681.00","1460.00"
"Odisha","Bargarh","Nutri/Coarse Cereals","Total","850.00","514.00","505.00"
"Odisha","Bargarh","Cereals","Kharif","363.00","3022.00","2287.00"
"Odisha","Bargarh","Cereals","Rabi","2120.00","4161.00",""
"Odisha","Bargarh","Cereals","Summer","4461.00","4012.00","1.00"
"Odisha","Bargarh","Cereals","Total","2589.00","4016.00","1650.00"
"Odisha","Bargarh","Urad","Kharif","305.00","342.00","325.00"
"Odisha","Bargarh","Urad","Rabi","419.00","525.00",""
"Odisha","Bargarh","Urad","Summer","293.00","347.00","439.00"
"Odisha","Bargarh","Urad","Total","306.00","342.00","349.00"
"Odisha","Bargarh","Moong","Kharif","295.00","318.00","324.00"
"Odisha","Bargarh","Moong","Rabi","344.00","421.00",""
"Odisha","Bargarh","Moong","Summer","294.00","346.00","415.00"
"Odisha","Bargarh","Moong","Total","295.00","328.00","364.00"
"Odisha","Bargarh","Other Pulses","Kharif","","","413.00"
"Odisha","Bargarh","Other Pulses","Rabi","266.00","355.00",""
"Odisha","Bargarh","Other Pulses","Total","266.00","355.00","413.00"
"Odisha","Bargarh","Total Pulses","Total","298.00","333.00","364.00"
"Odisha","Bargarh","Total Food Grains","Kharif","346.00","2547.00","2236.00"
"Odisha","Bargarh","Total Food Grains","Rabi","2116.00","4152.00",""
"Odisha","Bargarh","Total Food Grains","Summer","4402.00","3948.00","18.00"
"Odisha","Bargarh","Total Food Grains","Total","2484.00","3924.00","1611.00"
"Odisha","Bhadrak","Rice","Kharif","","","1856.00"
"Odisha","Bhadrak","Rice","Rabi","2489.00","2868.00",""
"Odisha","Bhadrak","Rice","Summer","2696.00","2732.00",""
"Odisha","Bhadrak","Rice","Total","2490.00","2867.00","1831.00"
"Odisha","Bhadrak","Wheat","Summer","","900.00",""
"Odisha","Bhadrak","Wheat","Total","","900.00",""
"Odisha","Bhadrak","Maize","Summer","1500.00","3100.00",""
"Odisha","Bhadrak","Maize","Total","1500.00","3100.00",""
"Odisha","Bhadrak","Ragi","Kharif","","","266.00"
"Odisha","Bhadrak","Ragi","Total","","","266.00"
"Odisha","Bhadrak","Shree Anna /Nutri Cereals","Kharif","","","266.00"
"Odisha","Bhadrak","Shree Anna /Nutri Cereals","Total","","","266.00"
"Odisha","Bhadrak","Nutri/Coarse Cereals","Kharif","","","266.00"
"Odisha","Bhadrak","Nutri/Coarse Cereals","Summer","1500.00","3100.00",""
"Odisha","Bhadrak","Nutri/Coarse Cereals","Total","1500.00","3100.00","266.00"
"Odisha","Bhadrak","Cereals","Kharif","","","1856.00"
"Odisha","Bhadrak","Cereals","Rabi","2489.00","2868.00",""
"Odisha","Bhadrak","Cereals","Summer","2694.00","2730.00",""
"Odisha","Bhadrak","Cereals","Total","2490.00","2867.00","1831.00"
"Odisha","Bhadrak","Urad","Kharif","","","460.00"
"Odisha","Bhadrak","Urad","Rabi","358.00","492.00",""
"Odisha","Bhadrak","Urad","Summer","360.00","415.00","348.00"
"Odisha","Bhadrak","Urad","Total","359.00","445.00","370.00"
"Odisha","Bhadrak","Moong","Rabi","","500.00",""
"Odisha","Bhadrak","Moong","Summer","355.00","439.00","348.00"
"Odisha","Bhadrak","Moong","Total","355.00","439.00","348.00"
"Odisha","Bhadrak","Other Pulses","Rabi","473.00","",""
"Odisha","Bhadrak","Other Pulses","Total","473.00","",""
"Odisha","Bhadrak","Total Pulses","Total","359.00","440.00","356.00"
"Odisha","Bhadrak","Total Food Grains","Kharif","","","1855.00"
"Odisha","Bhadrak","Total Food Grains","Rabi","2482.00","2867.00",""
"Odisha","Bhadrak","Total Food Grains","Summer","871.00","1406.00","163.00"
"Odisha","Bhadrak","Total Food Grains","Total","2453.00","2833.00","1813.00"
"Odisha","Boudh","Rice","Kharif","2256.00","2389.00","2312.00"
"Odisha","Boudh","Rice","Rabi","3179.00","3411.00",""
"Odisha","Boudh","Rice","Summer","2843.00","2794.00",""
"Odisha","Boudh","Rice","Total","3133.00","3341.00","2192.00"
"Odisha","Boudh","Maize","Kharif","868.00","828.00","956.00"
"Odisha","Boudh","Maize","Rabi","767.00","",""
"Odisha","Boudh","Maize","Summer","700.00","",""
"Odisha","Boudh","Maize","Total","861.00","828.00","956.00"
"Odisha","Boudh","Ragi","Kharif","","","430.00"
"Odisha","Boudh","Ragi","Summer","","300.00",""
"Odisha","Boudh","Ragi","Total","","300.00","430.00"
"Odisha","Boudh","Shree Anna /Nutri Cereals","Kharif","","","430.00"
"Odisha","Boudh","Shree Anna /Nutri Cereals","Summer","","300.00",""
"Odisha","Boudh","Shree Anna /Nutri Cereals","Total","","300.00","430.00"
"Odisha","Boudh","Nutri/Coarse Cereals","Kharif","868.00","828.00","693.00"
"Odisha","Boudh","Nutri/Coarse Cereals","Rabi","767.00","",""
"Odisha","Boudh","Nutri/Coarse Cereals","Summer","700.00","300.00",""
"Odisha","Boudh","Nutri/Coarse Cereals","Total","861.00","817.00","693.00"
"Odisha","Boudh","Cereals","Kharif","2218.00","2368.00","2310.00"
"Odisha","Boudh","Cereals","Rabi","3179.00","3411.00",""
"Odisha","Boudh","Cereals","Summer","2842.00","2793.00",""
"Odisha","Boudh","Cereals","Total","3130.00","3339.00","2190.00"
"Odisha","Boudh","Urad","Kharif","150.00","150.00","244.00"
"Odisha","Boudh","Urad","Rabi","215.00","221.00",""
"Odisha","Boudh","Urad","Summer","277.00","279.00","237.00"
"Odisha","Boudh","Urad","Total","217.00","224.00","243.00"
"Odisha","Boudh","Moong","Kharif","208.00","202.00","240.00"
"Odisha","Boudh","Moong","Rabi","220.00","242.00",""
"Odisha","Boudh","Moong","Summer","303.00","290.00","331.00"
"Odisha","Boudh","Moong","Total","261.00","265.00","292.00"
"Odisha","Boudh","Other Pulses","Kharif","","","251.00"
"Odisha","Boudh","Other Pulses","Rabi","231.00","233.00",""
"Odisha","Boudh","Other Pulses","Total","231.00","233.00","251.00"
"Odisha","Boudh","Total Pulses","Total","250.00","255.00","276.00"
"Odisha","Boudh","Total Food Grains","Kharif","2121.00","2282.00","2231.00"
"Odisha","Boudh","Total Food Grains","Rabi","3096.00","3345.00",""
"Odisha","Boudh","Total Food Grains","Summer","2261.00","2013.00","100.00"
"Odisha","Boudh","Total Food Grains","Total","3013.00","3232.00","2081.00"
"Odisha","Cuttack","Rice","Kharif","1788.00","1977.00","2171.00"
"Odisha","Cuttack","Rice","Rabi","2607.00","2888.00",""
"Odisha","Cuttack","Rice","Summer","3832.00","3679.00",""
"Odisha","Cuttack","Rice","Total","2626.00","2894.00","2127.00"
"Odisha","Cuttack","Maize","Kharif","","","2298.00"
"Odisha","Cuttack","Maize","Rabi","3705.00","3763.00",""
"Odisha","Cuttack","Maize","Summer","3940.00","3900.00","3726.00"
"Odisha","Cuttack","Maize","Total","3823.00","3790.00","3051.00"
"Odisha","Cuttack","Ragi","Kharif","722.00","","1060.00"
"Odisha","Cuttack","Ragi","Total","722.00","","1060.00"
"Odisha","Cuttack","Shree Anna /Nutri Cereals","Kharif","722.00","","1060.00"
"Odisha","Cuttack","Shree Anna /Nutri Cereals","Total","722.00","","1060.00"
"Odisha","Cuttack","Nutri/Coarse Cereals","Kharif","722.00","","1310.00"
"Odisha","Cuttack","Nutri/Coarse Cereals","Rabi","3705.00","3763.00",""
"Odisha","Cuttack","Nutri/Coarse Cereals","Summer","3940.00","3900.00","3726.00"
"Odisha","Cuttack","Nutri/Coarse Cereals","Total","2332.00","3790.00","1755.00"
"Odisha","Cuttack","Cereals","Kharif","1759.00","1977.00","2167.00"
"Odisha","Cuttack","Cereals","Rabi","2608.00","2888.00",""
"Odisha","Cuttack","Cereals","Summer","3833.00","3680.00","172.00"
"Odisha","Cuttack","Cereals","Total","2626.00","2894.00","2125.00"
"Odisha","Cuttack","Urad","Kharif","","","440.00"
"Odisha","Cuttack","Urad","Rabi","438.00","429.00",""
"Odisha","Cuttack","Urad","Summer","351.00","395.00","520.00"
"Odisha","Cuttack","Urad","Total","422.00","416.00","453.00"
"Odisha","Cuttack","Moong","Kharif","","","324.00"
"Odisha","Cuttack","Moong","Summer","475.00","426.00","493.00"
"Odisha","Cuttack","Moong","Total","475.00","426.00","492.00"
"Odisha","Cuttack","Other Pulses","Kharif","","","468.00"
"Odisha","Cuttack","Other Pulses","Rabi","491.00","470.00",""
"Odisha","Cuttack","Other Pulses","Summer","335.00","408.00",""
"Odisha","Cuttack","Other Pulses","Total","490.00","469.00","468.00"
"Odisha","Cuttack","Total Pulses","Total","459.00","425.00","479.00"
"Odisha","Cuttack","Total Food Grains","Kharif","1759.00","1977.00","1956.00"
"Odisha","Cuttack","Total Food Grains","Rabi","2472.00","2782.00",""
"Odisha","Cuttack","Total Food Grains","Summer","1054.00","662.00","473.00"
"Odisha","Cuttack","Total Food Grains","Total","2305.00","2318.00","1638.00"
"Odisha","Deogarh","Rice","Kharif","1705.00","1708.00","2085.00"
"Odisha","Deogarh","Rice","Rabi","1985.00","2838.00",""
"Odisha","Deogarh","Rice","Summer","2010.00","2000.00",""
"Odisha","Deogarh","Rice","Total","1855.00","2588.00","2072.00"
"Odisha","Deogarh","Maize","Kharif","1640.00","2112.00","2118.00"
"Odisha","Deogarh","Maize","Summer","1771.00","1637.00","1994.00"
"Odisha","Deogarh","Maize","Total","1645.00","1971.00","2111.00"
"Odisha","Deogarh","Ragi","Kharif","","","438.00"
"Odisha","Deogarh","Ragi","Total","","","438.00"
"Odisha","Deogarh","Shree Anna /Nutri Cereals","Kharif","","","438.00"
"Odisha","Deogarh","Shree Anna /Nutri Cereals","Total","","","438.00"
"Odisha","Deogarh","Nutri/Coarse Cereals","Kharif","1640.00","2112.00","1579.00"
"Odisha","Deogarh","Nutri/Coarse Cereals","Summer","1771.00","1637.00","1994.00"
"Odisha","Deogarh","Nutri/Coarse Cereals","Total","1645.00","1971.00","1597.00"
"Odisha","Deogarh","Cereals","Kharif","1703.00","1713.00","2083.00"
"Odisha","Deogarh","Cereals","Rabi","1985.00","2838.00",""
"Odisha","Deogarh","Cereals","Summer","1834.00","1698.00","59.00"
"Odisha","Deogarh","Cereals","Total","1852.00","2585.00","2070.00"
"Odisha","Deogarh","Urad","Kharif","360.00","343.00","339.00"
"Odisha","Deogarh","Urad","Rabi","353.00","",""
"Odisha","Deogarh","Urad","Summer","500.00","300.00","389.00"
"Odisha","Deogarh","Urad","Total","360.00","340.00","351.00"
"Odisha","Deogarh","Moong","Kharif","312.00","298.00","332.00"
"Odisha","Deogarh","Moong","Rabi","287.00","296.00",""
"Odisha","Deogarh","Moong","Summer","317.00","302.00","338.00"
"Odisha","Deogarh","Moong","Total","309.00","298.00","336.00"
"Odisha","Deogarh","Other Pulses","Kharif","","","420.00"
"Odisha","Deogarh","Other Pulses","Rabi","414.00","353.00",""
"Odisha","Deogarh","Other Pulses","Total","414.00","353.00","420.00"
"Odisha","Deogarh","Total Pulses","Total","334.00","326.00","366.00"
"Odisha","Deogarh","Total Food Grains","Kharif","1508.00","1680.00","2056.00"
"Odisha","Deogarh","Total Food Grains","Rabi","1935.00","2819.00",""
"Odisha","Deogarh","Total Food Grains","Summer","939.00","1031.00","225.00"
"Odisha","Deogarh","Total Food Grains","Total","1720.00","2557.00","2030.00"
"Odisha","Dhenkanal","Rice","Kharif","1263.00","2120.00","2488.00"
"Odisha","Dhenkanal","Rice","Rabi","2955.00","3392.00",""
"Odisha","Dhenkanal","Rice","Summer","3574.00","2840.00",""
"Odisha","Dhenkanal","Rice","Total","2945.00","3386.00","2464.00"
"Odisha","Dhenkanal","Wheat","Summer","3200.00","1200.00",""
"Odisha","Dhenkanal","Wheat","Total","3200.00","1200.00",""
"Odisha","Dhenkanal","Maize","Kharif","2070.00","2072.00","2913.00"
"Odisha","Dhenkanal","Maize","Rabi","2700.00","2508.00",""
"Odisha","Dhenkanal","Maize","Summer","2097.00","2153.00","3223.00"
"Odisha","Dhenkanal","Maize","Total","2201.00","2228.00","3057.00"
"Odisha","Dhenkanal","Ragi","Kharif","671.00","600.00","710.00"
"Odisha","Dhenkanal","Ragi","Summer","","789.00",""
"Odisha","Dhenkanal","Ragi","Total","671.00","720.00","710.00"
"Odisha","Dhenkanal","Shree Anna /Nutri Cereals","Kharif","671.00","600.00","710.00"
"Odisha","Dhenkanal","Shree Anna /Nutri Cereals","Summer","","789.00",""
"Odisha","Dhenkanal","Shree Anna /Nutri Cereals","Total","671.00","720.00","710.00"
"Odisha","Dhenkanal","Nutri/Coarse Cereals","Kharif","1948.00","1841.00","1595.00"
"Odisha","Dhenkanal","Nutri/Coarse Cereals","Rabi","2700.00","2508.00",""
"Odisha","Dhenkanal","Nutri/Coarse Cereals","Summer","2097.00","1714.00","3223.00"
"Odisha","Dhenkanal","Nutri/Coarse Cereals","Total","2124.00","1966.00","2014.00"
"Odisha","Dhenkanal","Cereals","Kharif","1360.00","2039.00","2482.00"
"Odisha","Dhenkanal","Cereals","Rabi","2955.00","3391.00",""
"Odisha","Dhenkanal","Cereals","Summer","3311.00","2545.00","613.00"
"Odisha","Dhenkanal","Cereals","Total","2943.00","3382.00","2460.00"
"Odisha","Dhenkanal","Urad","Kharif","367.00","333.00","628.00"
"Odisha","Dhenkanal","Urad","Rabi","437.00","436.00",""
"Odisha","Dhenkanal","Urad","Summer","425.00","349.00","584.00"
"Odisha","Dhenkanal","Urad","Total","437.00","432.00","627.00"
"Odisha","Dhenkanal","Moong","Kharif","","311.00","589.00"
"Odisha","Dhenkanal","Moong","Rabi","444.00","441.00",""
"Odisha","Dhenkanal","Moong","Summer","423.00","402.00","562.00"
"Odisha","Dhenkanal","Moong","Total","426.00","407.00","564.00"
"Odisha","Dhenkanal","Other Pulses","Kharif","","","546.00"
"Odisha","Dhenkanal","Other Pulses","Rabi","444.00","392.00",""
"Odisha","Dhenkanal","Other Pulses","Summer","350.00","",""
"Odisha","Dhenkanal","Other Pulses","Total","444.00","392.00","546.00"
"Odisha","Dhenkanal","Total Pulses","Total","432.00","417.00","585.00"
"Odisha","Dhenkanal","Total Food Grains","Kharif","1355.00","1688.00","2402.00"
"Odisha","Dhenkanal","Total Food Grains","Rabi","2874.00","3273.00",""
"Odisha","Dhenkanal","Total Food Grains","Summer","688.00","792.00","574.00"
"Odisha","Dhenkanal","Total Food Grains","Total","2804.00","3216.00","2320.00"
"Odisha","Gajapati","Rice","Kharif","","","1461.00"
"Odisha","Gajapati","Rice","Rabi","2260.00","2587.00",""
"Odisha","Gajapati","Rice","Summer","2090.00","1881.00",""
"Odisha","Gajapati","Rice","Total","2258.00","2574.00","1419.00"
"Odisha","Gajapati","Maize","Kharif","2383.00","2275.00","2495.00"
"Odisha","Gajapati","Maize","Summer","","1145.00","2111.00"
"Odisha","Gajapati","Maize","Total","2383.00","2274.00","2495.00"
"Odisha","Gajapati","Ragi","Kharif","990.00","936.00","954.00"
"Odisha","Gajapati","Ragi","Rabi","1080.00","",""
"Odisha","Gajapati","Ragi","Summer","974.00","1155.00",""
"Odisha","Gajapati","Ragi","Total","992.00","944.00","954.00"
"Odisha","Gajapati","Shree Anna /Nutri Cereals","Kharif","990.00","936.00","954.00"
"Odisha","Gajapati","Shree Anna /Nutri Cereals","Rabi","1080.00","",""
"Odisha","Gajapati","Shree Anna /Nutri Cereals","Summer","974.00","1155.00",""
"Odisha","Gajapati","Shree Anna /Nutri Cereals","Total","992.00","944.00","954.00"
"Odisha","Gajapati","Nutri/Coarse Cereals","Kharif","2276.00","2186.00","2382.00"
"Odisha","Gajapati","Nutri/Coarse Cereals","Rabi","1080.00","",""
"Odisha","Gajapati","Nutri/Coarse Cereals","Summer","974.00","1152.00","2111.00"
"Odisha","Gajapati","Nutri/Coarse Cereals","Total","2272.00","2182.00","2382.00"
"Odisha","Gajapati","Cereals","Kharif","2276.00","2186.00","1701.00"
"Odisha","Gajapati","Cereals","Rabi","2259.00","2587.00",""
"Odisha","Gajapati","Cereals","Summer","2022.00","1810.00","34.00"
"Odisha","Gajapati","Cereals","Total","2263.00","2441.00","1664.00"
"Odisha","Gajapati","Urad","Kharif","","264.00","240.00"
"Odisha","Gajapati","Urad","Rabi","267.00","272.00",""
"Odisha","Gajapati","Urad","Total","267.00","272.00","240.00"
"Odisha","Gajapati","Moong","Kharif","","","243.00"
"Odisha","Gajapati","Moong","Rabi","306.00","283.00",""
"Odisha","Gajapati","Moong","Total","306.00","283.00","243.00"
"Odisha","Gajapati","Other Pulses","Kharif","","","243.00"
"Odisha","Gajapati","Other Pulses","Rabi","292.00","292.00",""
"Odisha","Gajapati","Other Pulses","Total","292.00","292.00","243.00"
"Odisha","Gajapati","Total Pulses","Total","283.00","278.00","241.00"
"Odisha","Gajapati","Total Food Grains","Kharif","2276.00","2178.00","1600.00"
"Odisha","Gajapati","Total Food Grains","Rabi","2010.00","2369.00",""
"Odisha","Gajapati","Total Food Grains","Summer","2022.00","1810.00","34.00"
"Odisha","Gajapati","Total Food Grains","Total","2086.00","2301.00","1568.00"
"Odisha","Ganjam","Rice","Kharif","","","1793.00"
"Odisha","Ganjam","Rice","Rabi","2114.00","3059.00",""
"Odisha","Ganjam","Rice","Summer","2365.00","3000.00",""
"Odisha","Ganjam","Rice","Total","2115.00","3059.00","1793.00"
"Odisha","Ganjam","Maize","Kharif","1831.00","1942.00","2709.00"
"Odisha","Ganjam","Maize","Summer","2170.00","2030.00","2258.00"
"Odisha","Ganjam","Maize","Total","1847.00","1949.00","2702.00"
"Odisha","Ganjam","Ragi","Kharif","867.00","997.00","1022.00"
"Odisha","Ganjam","Ragi","Rabi","","1099.00",""
"Odisha","Ganjam","Ragi","Summer","1029.00","1034.00",""
"Odisha","Ganjam","Ragi","Total","875.00","1010.00","1022.00"
"Odisha","Ganjam","Shree Anna /Nutri Cereals","Kharif","867.00","997.00","1022.00"
"Odisha","Ganjam","Shree Anna /Nutri Cereals","Rabi","","1099.00",""
"Odisha","Ganjam","Shree Anna /Nutri Cereals","Summer","1029.00","1034.00",""
"Odisha","Ganjam","Shree Anna /Nutri Cereals","Total","875.00","1010.00","1022.00"
"Odisha","Ganjam","Nutri/Coarse Cereals","Kharif","1328.00","1393.00","1692.00"
"Odisha","Ganjam","Nutri/Coarse Cereals","Rabi","","1099.00",""
"Odisha","Ganjam","Nutri/Coarse Cereals","Summer","1555.00","1399.00","2258.00"
"Odisha","Ganjam","Nutri/Coarse Cereals","Total","1339.00","1377.00","1696.00"
"Odisha","Ganjam","Cereals","Kharif","1328.00","1393.00","1792.00"
"Odisha","Ganjam","Cereals","Rabi","2114.00","3058.00",""
"Odisha","Ganjam","Cereals","Summer","2077.00","2104.00","1026.00"
"Odisha","Ganjam","Cereals","Total","2105.00","3045.00","1792.00"
"Odisha","Ganjam","Urad","Kharif","242.00","188.00","244.00"
"Odisha","Ganjam","Urad","Rabi","232.00","230.00",""
"Odisha","Ganjam","Urad","Summer","197.00","266.00",""
"Odisha","Ganjam","Urad","Total","231.00","230.00","244.00"
"Odisha","Ganjam","Moong","Kharif","","207.00","256.00"
"Odisha","Ganjam","Moong","Rabi","230.00","242.00",""
"Odisha","Ganjam","Moong","Summer","208.00","265.00",""
"Odisha","Ganjam","Moong","Total","228.00","242.00","256.00"
"Odisha","Ganjam","Other Pulses","Kharif","","","271.00"
"Odisha","Ganjam","Other Pulses","Rabi","242.00","251.00",""
"Odisha","Ganjam","Other Pulses","Summer","107.00","",""
"Odisha","Ganjam","Other Pulses","Total","240.00","251.00","271.00"
"Odisha","Ganjam","Total Pulses","Total","229.00","240.00","254.00"
"Odisha","Ganjam","Total Food Grains","Kharif","1302.00","1272.00","1472.00"
"Odisha","Ganjam","Total Food Grains","Rabi","1793.00","2502.00",""
"Odisha","Ganjam","Total Food Grains","Summer","370.00","930.00","1026.00"
"Odisha","Ganjam","Total Food Grains","Total","1766.00","2489.00","1472.00"
"Odisha","Jagatsinghapur","Rice","Kharif","1681.00","1087.00","2082.00"
"Odisha","Jagatsinghapur","Rice","Rabi","1691.00","2849.00",""
"Odisha","Jagatsinghapur","Rice","Summer","2532.00","3422.00",""
"Odisha","Jagatsinghapur","Rice","Total","1699.00","2849.00","2053.00"
"Odisha","Jagatsinghapur","Maize","Kharif","","","1860.00"
"Odisha","Jagatsinghapur","Maize","Total","","","1860.00"
"Odisha","Jagatsinghapur","Ragi","Kharif","","","561.00"
"Odisha","Jagatsinghapur","Ragi","Total","","","561.00"
"Odisha","Jagatsinghapur","Shree Anna /Nutri Cereals","Kharif","","","561.00"
"Odisha","Jagatsinghapur","Shree Anna /Nutri Cereals","Total","","","561.00"
"Odisha","Jagatsinghapur","Nutri/Coarse Cereals","Kharif","","","1402.00"
"Odisha","Jagatsinghapur","Nutri/Coarse Cereals","Total","","","1402.00"
"Odisha","Jagatsinghapur","Cereals","Kharif","1681.00","1087.00","2081.00"
"Odisha","Jagatsinghapur","Cereals","Rabi","1691.00","2849.00",""
"Odisha","Jagatsinghapur","Cereals","Summer","2532.00","3422.00",""
"Odisha","Jagatsinghapur","Cereals","Total","1699.00","2849.00","2053.00"
"Odisha","Jagatsinghapur","Urad","Kharif","","","434.00"
"Odisha","Jagatsinghapur","Urad","Rabi","299.00","380.00",""
"Odisha","Jagatsinghapur","Urad","Summer","214.00","314.00","444.00"
"Odisha","Jagatsinghapur","Urad","Total","244.00","335.00","441.00"
"Odisha","Jagatsinghapur","Moong","Summer","244.00","347.00","437.00"
"Odisha","Jagatsinghapur","Moong","Total","244.00","347.00","437.00"
"Odisha","Jagatsinghapur","Other Pulses","Kharif","","","444.00"
"Odisha","Jagatsinghapur","Other Pulses","Rabi","314.00","375.00",""
"Odisha","Jagatsinghapur","Other Pulses","Summer","183.00","400.00",""
"Odisha","Jagatsinghapur","Other Pulses","Total","308.00","375.00","444.00"
"Odisha","Jagatsinghapur","Total Pulses","Total","244.00","347.00","437.00"
"Odisha","Jagatsinghapur","Total Food Grains","Kharif","1681.00","1087.00","2066.00"
"Odisha","Jagatsinghapur","Total Food Grains","Rabi","1680.00","2822.00",""
"Odisha","Jagatsinghapur","Total Food Grains","Summer","304.00","399.00","425.00"
"Odisha","Jagatsinghapur","Total Food Grains","Total","1327.00","2036.00","1527.00"
"Odisha","Jajapur","Rice","Kharif","897.00","1462.00","1597.00"
"Odisha","Jajapur","Rice","Rabi","1745.00","2481.00",""
"Odisha","Jajapur","Rice","Summer","3110.00","2494.00",""
"Odisha","Jajapur","Rice","Total","1681.00","2375.00","1549.00"
"Odisha","Jajapur","Wheat","Summer","","800.00",""
"Odisha","Jajapur","Wheat","Total","","800.00",""
"Odisha","Jajapur","Maize","Kharif","1683.00","4444.00","2033.00"
"Odisha","Jajapur","Maize","Summer","1947.00","2000.00","1778.00"
"Odisha","Jajapur","Maize","Total","1878.00","4058.00","1863.00"
"Odisha","Jajapur","Ragi","Kharif","","","910.00"
"Odisha","Jajapur","Ragi","Total","","","910.00"
"Odisha","Jajapur","Shree Anna /Nutri Cereals","Kharif","","","910.00"
"Odisha","Jajapur","Shree Anna /Nutri Cereals","Total","","","910.00"
"Odisha","Jajapur","Nutri/Coarse Cereals","Kharif","1683.00","4444.00","1026.00"
"Odisha","Jajapur","Nutri/Coarse Cereals","Summer","1947.00","2000.00","1778.00"
"Odisha","Jajapur","Nutri/Coarse Cereals","Total","1878.00","4058.00","1155.00"
"Odisha","Jajapur","Cereals","Kharif","898.00","1466.00","1597.00"
"Odisha","Jajapur","Cereals","Rabi","1745.00","2481.00",""
"Odisha","Jajapur","Cereals","Summer","3091.00","2489.00","5.00"
"Odisha","Jajapur","Cereals","Total","1681.00","2375.00","1549.00"
"Odisha","Jajapur","Urad","Kharif","","","327.00"
"Odisha","Jajapur","Urad","Rabi","191.00","212.00",""
"Odisha","Jajapur","Urad","Summer","33.00","100.00","223.00"
"Odisha","Jajapur","Urad","Total","191.00","212.00","327.00"
"Odisha","Jajapur","Moong","Kharif","","","300.00"
"Odisha","Jajapur","Moong","Rabi","276.00","",""
"Odisha","Jajapur","Moong","Summer","195.00","241.00","337.00"
"Odisha","Jajapur","Moong","Total","198.00","241.00","337.00"
"Odisha","Jajapur","Other Pulses","Kharif","","","259.00"
"Odisha","Jajapur","Other Pulses","Rabi","179.00","207.00",""
"Odisha","Jajapur","Other Pulses","Total","179.00","207.00","259.00"
"Odisha","Jajapur","Total Pulses","Total","191.00","225.00","325.00"
"Odisha","Jajapur","Total Food Grains","Kharif","898.00","1466.00","1511.00"
"Odisha","Jajapur","Total Food Grains","Rabi","1615.00","2364.00",""
"Odisha","Jajapur","Total Food Grains","Summer","1961.00","568.00","229.00"
"Odisha","Jajapur","Total Food Grains","Total","1550.00","2201.00","1406.00"
"Odisha","Jharsuguda","Rice","Kharif","356.00","817.00","2125.00"
"Odisha","Jharsuguda","Rice","Rabi","768.00","2123.00",""
"Odisha","Jharsuguda","Rice","Summer","4493.00","4546.00",""
"Odisha","Jharsuguda","Rice","Total","656.00","1576.00","2020.00"
"Odisha","Jharsuguda","Wheat","Summer","2671.00","",""
"Odisha","Jharsuguda","Wheat","Total","2671.00","",""
"Odisha","Jharsuguda","Maize","Kharif","2913.00","3176.00","3972.00"
"Odisha","Jharsuguda","Maize","Rabi","3900.00","",""
"Odisha","Jharsuguda","Maize","Summer","4583.00","4000.00","2273.00"
"Odisha","Jharsuguda","Maize","Total","2968.00","3186.00","3917.00"
"Odisha","Jharsuguda","Ragi","Kharif","517.00","708.00","673.00"
"Odisha","Jharsuguda","Ragi","Rabi","","586.00",""
"Odisha","Jharsuguda","Ragi","Total","517.00","688.00","673.00"
"Odisha","Jharsuguda","Shree Anna /Nutri Cereals","Kharif","517.00","708.00","673.00"
"Odisha","Jharsuguda","Shree Anna /Nutri Cereals","Rabi","","586.00",""
"Odisha","Jharsuguda","Shree Anna /Nutri Cereals","Total","517.00","688.00","673.00"
"Odisha","Jharsuguda","Nutri/Coarse Cereals","Kharif","2880.00","1801.00","1206.00"
"Odisha","Jharsuguda","Nutri/Coarse Cereals","Rabi","3900.00","586.00",""
"Odisha","Jharsuguda","Nutri/Coarse Cereals","Summer","4583.00","4000.00","2273.00"
"Odisha","Jharsuguda","Nutri/Coarse Cereals","Total","2935.00","1687.00","1212.00"
"Odisha","Jharsuguda","Cereals","Kharif","401.00","826.00","2111.00"
"Odisha","Jharsuguda","Cereals","Rabi","768.00","2121.00",""
"Odisha","Jharsuguda","Cereals","Summer","4484.00","4546.00","4.00"
"Odisha","Jharsuguda","Cereals","Total","678.00","1576.00","2008.00"
"Odisha","Jharsuguda","Urad","Kharif","195.00","","322.00"
"Odisha","Jharsuguda","Urad","Rabi","272.00","806.00",""
"Odisha","Jharsuguda","Urad","Summer","375.00","300.00","271.00"
"Odisha","Jharsuguda","Urad","Total","257.00","776.00","300.00"
"Odisha","Jharsuguda","Moong","Kharif","186.00","",""
"Odisha","Jharsuguda","Moong","Rabi","500.00","371.00",""
"Odisha","Jharsuguda","Moong","Summer","502.00","578.00","359.00"
"Odisha","Jharsuguda","Moong","Total","493.00","573.00","359.00"
"Odisha","Jharsuguda","Other Pulses","Kharif","","","314.00"
"Odisha","Jharsuguda","Other Pulses","Rabi","334.00","324.00",""
"Odisha","Jharsuguda","Other Pulses","Total","334.00","324.00","314.00"
"Odisha","Jharsuguda","Total Pulses","Total","441.00","537.00","345.00"
"Odisha","Jharsuguda","Total Food Grains","Kharif","400.00","826.00","2096.00"
"Odisha","Jharsuguda","Total Food Grains","Rabi","762.00","2110.00",""
"Odisha","Jharsuguda","Total Food Grains","Summer","3016.00","3101.00","119.00"
"Odisha","Jharsuguda","Total Food Grains","Total","672.00","1560.00","1957.00"
"Odisha","Kalahandi","Rice","Kharif","1316.00","1699.00","2119.00"
"Odisha","Kalahandi","Rice","Rabi","2322.00","3062.00",""
"Odisha","Kalahandi","Rice","Summer","3464.00","3733.00",""
"Odisha","Kalahandi","Rice","Total","2327.00","3046.00","1615.00"
"Odisha","Kalahandi","Wheat","Summer","133.00","",""
"Odisha","Kalahandi","Wheat","Total","133.00","",""
"Odisha","Kalahandi","Maize","Kharif","1809.00","2457.00","2546.00"
"Odisha","Kalahandi","Maize","Summer","1619.00","","2489.00"
"Odisha","Kalahandi","Maize","Total","1808.00","2457.00","2546.00"
"Odisha","Kalahandi","Ragi","Kharif","345.00","558.00","503.00"
"Odisha","Kalahandi","Ragi","Rabi","734.00","458.00",""
"Odisha","Kalahandi","Ragi","Total","717.00","474.00","503.00"
"Odisha","Kalahandi","Shree Anna /Nutri Cereals","Kharif","345.00","558.00","503.00"
"Odisha","Kalahandi","Shree Anna /Nutri Cereals","Rabi","734.00","458.00",""
"Odisha","Kalahandi","Shree Anna /Nutri Cereals","Total","717.00","474.00","503.00"
"Odisha","Kalahandi","Nutri/Coarse Cereals","Kharif","1781.00","2316.00","1523.00"
"Odisha","Kalahandi","Nutri/Coarse Cereals","Rabi","734.00","458.00",""
"Odisha","Kalahandi","Nutri/Coarse Cereals","Summer","1619.00","","2489.00"
"Odisha","Kalahandi","Nutri/Coarse Cereals","Total","1484.00","1803.00","1525.00"
"Odisha","Kalahandi","Cereals","Kharif","1370.00","1752.00","2106.00"
"Odisha","Kalahandi","Cereals","Rabi","2309.00","3048.00",""
"Odisha","Kalahandi","Cereals","Summer","3462.00","3733.00","0.00"
"Odisha","Kalahandi","Cereals","Total","2308.00","3029.00","1614.00"
"Odisha","Kalahandi","Urad","Kharif","","","589.00"
"Odisha","Kalahandi","Urad","Rabi","392.00","558.00",""
"Odisha","Kalahandi","Urad","Summer","340.00","640.00","454.00"
"Odisha","Kalahandi","Urad","Total","392.00","559.00","589.00"
"Odisha","Kalahandi","Moong","Kharif","","","517.00"
"Odisha","Kalahandi","Moong","Rabi","560.00","483.00",""
"Odisha","Kalahandi","Moong","Summer","740.00","798.00","607.00"
"Odisha","Kalahandi","Moong","Total","654.00","649.00","577.00"
"Odisha","Kalahandi","Other Pulses","Kharif","","","617.00"
"Odisha","Kalahandi","Other Pulses","Rabi","410.00","473.00",""
"Odisha","Kalahandi","Other Pulses","Total","410.00","473.00","617.00"
"Odisha","Kalahandi","Total Pulses","Total","577.00","601.00","586.00"
"Odisha","Kalahandi","Total Food Grains","Kharif","1370.00","1752.00","2016.00"
"Odisha","Kalahandi","Total Food Grains","Rabi","2131.00","2846.00",""
"Odisha","Kalahandi","Total Food Grains","Summer","2643.00","3319.00","73.00"
"Odisha","Kalahandi","Total Food Grains","Total","2111.00","2827.00","1538.00"
"Odisha","Kandhamal","Rice","Kharif","1123.00","1563.00","1386.00"
"Odisha","Kandhamal","Rice","Rabi","1787.00","2308.00",""
"Odisha","Kandhamal","Rice","Summer","2604.00","2571.00",""
"Odisha","Kandhamal","Rice","Total","1770.00","2290.00","1363.00"
"Odisha","Kandhamal","Maize","Kharif","1856.00","1426.00","1666.00"
"Odisha","Kandhamal","Maize","Rabi","2000.00","1550.00",""
"Odisha","Kandhamal","Maize","Summer","1475.00","1833.00","2188.00"
"Odisha","Kandhamal","Maize","Total","1855.00","1429.00","1689.00"
"Odisha","Kandhamal","Ragi","Kharif","","","709.00"
"Odisha","Kandhamal","Ragi","Rabi","355.00","668.00",""
"Odisha","Kandhamal","Ragi","Summer","","433.00",""
"Odisha","Kandhamal","Ragi","Total","355.00","666.00","709.00"
"Odisha","Kandhamal","Shree Anna /Nutri Cereals","Kharif","","","709.00"
"Odisha","Kandhamal","Shree Anna /Nutri Cereals","Rabi","355.00","668.00",""
"Odisha","Kandhamal","Shree Anna /Nutri Cereals","Summer","","433.00",""
"Odisha","Kandhamal","Shree Anna /Nutri Cereals","Total","355.00","666.00","709.00"
"Odisha","Kandhamal","Nutri/Coarse Cereals","Kharif","1856.00","1426.00","1289.00"
"Odisha","Kandhamal","Nutri/Coarse Cereals","Rabi","376.00","684.00",""
"Odisha","Kandhamal","Nutri/Coarse Cereals","Summer","1475.00","1133.00","2188.00"
"Odisha","Kandhamal","Nutri/Coarse Cereals","Total","1682.00","1195.00","1313.00"
"Odisha","Kandhamal","Cereals","Kharif","1530.00","1499.00","1383.00"
"Odisha","Kandhamal","Cereals","Rabi","1777.00","2291.00",""
"Odisha","Kandhamal","Cereals","Summer","2593.00","2531.00","116.00"
"Odisha","Kandhamal","Cereals","Total","1765.00","2254.00","1361.00"
"Odisha","Kandhamal","Urad","Kharif","","400.00","535.00"
"Odisha","Kandhamal","Urad","Rabi","381.00","504.00",""
"Odisha","Kandhamal","Urad","Summer","","","373.00"
"Odisha","Kandhamal","Urad","Total","381.00","504.00","535.00"
"Odisha","Kandhamal","Moong","Kharif","300.00","","350.00"
"Odisha","Kandhamal","Moong","Rabi","388.00","400.00",""
"Odisha","Kandhamal","Moong","Total","387.00","400.00","350.00"
"Odisha","Kandhamal","Other Pulses","Kharif","","","560.00"
"Odisha","Kandhamal","Other Pulses","Rabi","423.00","462.00",""
"Odisha","Kandhamal","Other Pulses","Total","423.00","462.00","560.00"
"Odisha","Kandhamal","Total Pulses","Total","401.00","481.00","537.00"
"Odisha","Kandhamal","Total Food Grains","Kharif","1530.00","1498.00","1343.00"
"Odisha","Kandhamal","Total Food Grains","Rabi","1713.00","2228.00",""
"Odisha","Kandhamal","Total Food Grains","Summer","2593.00","2531.00","118.00"
"Odisha","Kandhamal","Total Food Grains","Total","1708.00","2196.00","1322.00"
"Odisha","Kendrapara","Rice","Kharif","1879.00","2211.00","1719.00"
"Odisha","Kendrapara","Rice","Rabi","1597.00","2271.00",""
"Odisha","Kendrapara","Rice","Summer","2411.00","3939.00",""
"Odisha","Kendrapara","Rice","Total","1607.00","2278.00","1708.00"
"Odisha","Kendrapara","Maize","Summer","","2200.00","2275.00"
"Odisha","Kendrapara","Maize","Total","","2200.00","2275.00"
"Odisha","Kendrapara","Ragi","Kharif","","300.00","614.00"
"Odisha","Kendrapara","Ragi","Total","","300.00","614.00"
"Odisha","Kendrapara","Shree Anna /Nutri Cereals","Kharif","","300.00","614.00"
"Odisha","Kendrapara","Shree Anna /Nutri Cereals","Total","","300.00","614.00"
"Odisha","Kendrapara","Nutri/Coarse Cereals","Kharif","","300.00","614.00"
"Odisha","Kendrapara","Nutri/Coarse Cereals","Summer","","2200.00","2275.00"
"Odisha","Kendrapara","Nutri/Coarse Cereals","Total","","1820.00","1160.00"
"Odisha","Kendrapara","Cereals","Kharif","1879.00","2207.00","1719.00"
"Odisha","Kendrapara","Cereals","Rabi","1597.00","2271.00",""
"Odisha","Kendrapara","Cereals","Summer","2411.00","3925.00","8.00"
"Odisha","Kendrapara","Cereals","Total","1607.00","2278.00","1708.00"
"Odisha","Kendrapara","Urad","Kharif","","","473.00"
"Odisha","Kendrapara","Urad","Rabi","380.00","363.00",""
"Odisha","Kendrapara","Urad","Summer","345.00","359.00","400.00"
"Odisha","Kendrapara","Urad","Total","376.00","362.00","456.00"
"Odisha","Kendrapara","Moong","Summer","368.00","434.00","415.00"
"Odisha","Kendrapara","Moong","Total","368.00","434.00","415.00"
"Odisha","Kendrapara","Other Pulses","Kharif","","","463.00"
"Odisha","Kendrapara","Other Pulses","Rabi","358.00","380.00",""
"Odisha","Kendrapara","Other Pulses","Summer","400.00","",""
"Odisha","Kendrapara","Other Pulses","Total","361.00","380.00","463.00"
"Odisha","Kendrapara","Total Pulses","Total","370.00","422.00","426.00"
"Odisha","Kendrapara","Total Food Grains","Kharif","1879.00","2207.00","1657.00"
"Odisha","Kendrapara","Total Food Grains","Rabi","1520.00","2221.00",""
"Odisha","Kendrapara","Total Food Grains","Summer","477.00","502.00","400.00"
"Odisha","Kendrapara","Total Food Grains","Total","1357.00","1944.00","1452.00"
"Odisha","Kendujhar","Rice","Kharif","2656.00","3549.00","2297.00"
"Odisha","Kendujhar","Rice","Rabi","3071.00","3487.00",""
"Odisha","Kendujhar","Rice","Summer","3846.00","2899.00",""
"Odisha","Kendujhar","Rice","Total","3022.00","3489.00","2286.00"
"Odisha","Kendujhar","Maize","Kharif","2619.00","2740.00","3233.00"
"Odisha","Kendujhar","Maize","Rabi","","2220.00",""
"Odisha","Kendujhar","Maize","Summer","2950.00","","3887.00"
"Odisha","Kendujhar","Maize","Total","2621.00","2738.00","3237.00"
"Odisha","Kendujhar","Ragi","Kharif","189.00","300.00","968.00"
"Odisha","Kendujhar","Ragi","Rabi","697.00","726.00",""
"Odisha","Kendujhar","Ragi","Summer","","541.00",""
"Odisha","Kendujhar","Ragi","Total","436.00","712.00","968.00"
"Odisha","Kendujhar","Shree Anna /Nutri Cereals","Kharif","189.00","300.00","968.00"
"Odisha","Kendujhar","Shree Anna /Nutri Cereals","Rabi","697.00","726.00",""
"Odisha","Kendujhar","Shree Anna /Nutri Cereals","Summer","","541.00",""
"Odisha","Kendujhar","Shree Anna /Nutri Cereals","Total","436.00","712.00","968.00"
"Odisha","Kendujhar","Nutri/Coarse Cereals","Kharif","2578.00","2738.00","2516.00"
"Odisha","Kendujhar","Nutri/Coarse Cereals","Rabi","697.00","745.00",""
"Odisha","Kendujhar","Nutri/Coarse Cereals","Summer","2950.00","541.00","3887.00"
"Odisha","Kendujhar","Nutri/Coarse Cereals","Total","2551.00","2262.00","2521.00"
"Odisha","Kendujhar","Cereals","Kharif","2644.00","3493.00","2303.00"
"Odisha","Kendujhar","Cereals","Rabi","3069.00","3480.00",""
"Odisha","Kendujhar","Cereals","Summer","3835.00","2850.00","73.00"
"Odisha","Kendujhar","Cereals","Total","3011.00","3477.00","2292.00"
"Odisha","Kendujhar","Urad","Kharif","341.00","389.00","495.00"
"Odisha","Kendujhar","Urad","Rabi","314.00","383.00",""
"Odisha","Kendujhar","Urad","Summer","475.00","547.00","513.00"
"Odisha","Kendujhar","Urad","Total","345.00","397.00","496.00"
"Odisha","Kendujhar","Moong","Kharif","315.00","500.00","572.00"
"Odisha","Kendujhar","Moong","Rabi","328.00","529.00",""
"Odisha","Kendujhar","Moong","Summer","492.00","595.00","549.00"
"Odisha","Kendujhar","Moong","Total","390.00","553.00","567.00"
"Odisha","Kendujhar","Other Pulses","Kharif","","","402.00"
"Odisha","Kendujhar","Other Pulses","Rabi","404.00","411.00",""
"Odisha","Kendujhar","Other Pulses","Summer","316.00","254.00",""
"Odisha","Kendujhar","Other Pulses","Total","403.00","405.00","402.00"
"Odisha","Kendujhar","Total Pulses","Total","380.00","427.00","474.00"
"Odisha","Kendujhar","Total Food Grains","Kharif","2508.00","3294.00","2263.00"
"Odisha","Kendujhar","Total Food Grains","Rabi","3009.00","3449.00",""
"Odisha","Kendujhar","Total Food Grains","Summer","3289.00","2381.00","213.00"
"Odisha","Kendujhar","Total Food Grains","Total","2931.00","3421.00","2249.00"
"Odisha","Khordha","Rice","Kharif","1936.00","2000.00","1682.00"
"Odisha","Khordha","Rice","Rabi","2224.00","2953.00",""
"Odisha","Khordha","Rice","Summer","3425.00","3591.00",""
"Odisha","Khordha","Rice","Total","2237.00","2967.00","1589.00"
"Odisha","Khordha","Maize","Kharif","3205.00","850.00","1457.00"
"Odisha","Khordha","Maize","Summer","2543.00","1850.00","4501.00"
"Odisha","Khordha","Maize","Total","3039.00","1100.00","1838.00"
"Odisha","Khordha","Ragi","Kharif","","","408.00"
"Odisha","Khordha","Ragi","Rabi","650.00","",""
"Odisha","Khordha","Ragi","Summer","500.00","",""
"Odisha","Khordha","Ragi","Total","575.00","","408.00"
"Odisha","Khordha","Shree Anna /Nutri Cereals","Kharif","","","408.00"
"Odisha","Khordha","Shree Anna /Nutri Cereals","Rabi","650.00","",""
"Odisha","Khordha","Shree Anna /Nutri Cereals","Summer","500.00","",""
"Odisha","Khordha","Shree Anna /Nutri Cereals","Total","575.00","","408.00"
"Odisha","Khordha","Nutri/Coarse Cereals","Kharif","3205.00","850.00","609.00"
"Odisha","Khordha","Nutri/Coarse Cereals","Rabi","650.00","",""
"Odisha","Khordha","Nutri/Coarse Cereals","Summer","2089.00","1850.00","4501.00"
"Odisha","Khordha","Nutri/Coarse Cereals","Total","2731.00","1100.00","712.00"
"Odisha","Khordha","Cereals","Kharif","2769.00","1569.00","1681.00"
"Odisha","Khordha","Cereals","Rabi","2224.00","2953.00",""
"Odisha","Khordha","Cereals","Summer","3413.00","3590.00","1.00"
"Odisha","Khordha","Cereals","Total","2238.00","2967.00","1588.00"
"Odisha","Khordha","Urad","Kharif","","","409.00"
"Odisha","Khordha","Urad","Rabi","277.00","277.00",""
"Odisha","Khordha","Urad","Summer","352.00","453.00","480.00"
"Odisha","Khordha","Urad","Total","343.00","446.00","465.00"
"Odisha","Khordha","Moong","Kharif","","","400.00"
"Odisha","Khordha","Moong","Rabi","225.00","735.00",""
"Odisha","Khordha","Moong","Summer","384.00","361.00","453.00"
"Odisha","Khordha","Moong","Total","384.00","398.00","453.00"
"Odisha","Khordha","Other Pulses","Kharif","","","514.00"
"Odisha","Khordha","Other Pulses","Rabi","457.00","422.00",""
"Odisha","Khordha","Other Pulses","Summer","265.00","203.00",""
"Odisha","Khordha","Other Pulses","Total","421.00","318.00","514.00"
"Odisha","Khordha","Total Pulses","Total","380.00","403.00","455.00"
"Odisha","Khordha","Total Food Grains","Kharif","2769.00","1569.00","1674.00"
"Odisha","Khordha","Total Food Grains","Rabi","2218.00","2926.00",""
"Odisha","Khordha","Total Food Grains","Summer","595.00","908.00","325.00"
"Odisha","Khordha","Total Food Grains","Total","1999.00","2682.00","1447.00"
"Odisha","Koraput","Rice","Kharif","2001.00","2361.00","2272.00"
"Odisha","Koraput","Rice","Rabi","3019.00","3322.00",""
"Odisha","Koraput","Rice","Summer","3036.00","3135.00",""
"Odisha","Koraput","Rice","Total","2893.00","3170.00","1782.00"
"Odisha","Koraput","Maize","Kharif","2289.00","2353.00","2490.00"
"Odisha","Koraput","Maize","Summer","2076.00","2026.00","2218.00"
"Odisha","Koraput","Maize","Total","2274.00","2293.00","2433.00"
"Odisha","Koraput","Ragi","Kharif","887.00","871.00","1065.00"
"Odisha","Koraput","Ragi","Rabi","859.00","1028.00",""
"Odisha","Koraput","Ragi","Summer","","787.00",""
"Odisha","Koraput","Ragi","Total","865.00","1002.00","1065.00"
"Odisha","Koraput","Shree Anna /Nutri Cereals","Kharif","887.00","871.00","1065.00"
"Odisha","Koraput","Shree Anna /Nutri Cereals","Rabi","859.00","1028.00",""
"Odisha","Koraput","Shree Anna /Nutri Cereals","Summer","","787.00",""
"Odisha","Koraput","Shree Anna /Nutri Cereals","Total","865.00","1002.00","1065.00"
"Odisha","Koraput","Nutri/Coarse Cereals","Kharif","1677.00","1655.00","1184.00"
"Odisha","Koraput","Nutri/Coarse Cereals","Rabi","859.00","1028.00",""
"Odisha","Koraput","Nutri/Coarse Cereals","Summer","2076.00","1845.00","2218.00"
"Odisha","Koraput","Nutri/Coarse Cereals","Total","1179.00","1231.00","1206.00"
"Odisha","Koraput","Cereals","Kharif","1855.00","2159.00","2027.00"
"Odisha","Koraput","Cereals","Rabi","2563.00","2979.00",""
"Odisha","Koraput","Cereals","Summer","3017.00","3097.00","51.00"
"Odisha","Koraput","Cereals","Total","2514.00","2886.00","1673.00"
"Odisha","Koraput","Urad","Kharif","","","385.00"
"Odisha","Koraput","Urad","Rabi","355.00","307.00",""
"Odisha","Koraput","Urad","Summer","388.00","","242.00"
"Odisha","Koraput","Urad","Total","355.00","307.00","382.00"
"Odisha","Koraput","Moong","Kharif","","","370.00"
"Odisha","Koraput","Moong","Rabi","340.00","288.00",""
"Odisha","Koraput","Moong","Summer","330.00","293.00","338.00"
"Odisha","Koraput","Moong","Total","333.00","290.00","366.00"
"Odisha","Koraput","Other Pulses","Kharif","","","397.00"
"Odisha","Koraput","Other Pulses","Rabi","382.00","337.00",""
"Odisha","Koraput","Other Pulses","Total","382.00","337.00","397.00"
"Odisha","Koraput","Total Pulses","Total","366.00","321.00","387.00"
"Odisha","Koraput","Total Food Grains","Kharif","1855.00","2159.00","1954.00"
"Odisha","Koraput","Total Food Grains","Rabi","2436.00","2891.00",""
"Odisha","Koraput","Total Food Grains","Summer","2957.00","3083.00","52.00"
"Odisha","Koraput","Total Food Grains","Total","2425.00","2826.00","1625.00"
"Odisha","Malkangiri","Rice","Kharif","1399.00","1714.00","1658.00"
"Odisha","Malkangiri","Rice","Rabi","2590.00","2828.00",""
"Odisha","Malkangiri","Rice","Summer","2293.00","2519.00",""
"Odisha","Malkangiri","Rice","Total","2466.00","2708.00","1641.00"
"Odisha","Malkangiri","Maize","Kharif","1573.00","1673.00","1894.00"
"Odisha","Malkangiri","Maize","Rabi","3980.00","",""
"Odisha","Malkangiri","Maize","Summer","2000.00","2350.00","1028.00"
"Odisha","Malkangiri","Maize","Total","1591.00","1681.00","1876.00"
"Odisha","Malkangiri","Ragi","Kharif","661.00","832.00","1223.00"
"Odisha","Malkangiri","Ragi","Rabi","855.00","1171.00",""
"Odisha","Malkangiri","Ragi","Total","838.00","1150.00","1223.00"
"Odisha","Malkangiri","Shree Anna /Nutri Cereals","Kharif","661.00","832.00","1223.00"
"Odisha","Malkangiri","Shree Anna /Nutri Cereals","Rabi","855.00","1171.00",""
"Odisha","Malkangiri","Shree Anna /Nutri Cereals","Total","838.00","1150.00","1223.00"
"Odisha","Malkangiri","Nutri/Coarse Cereals","Kharif","1247.00","1391.00","1390.00"
"Odisha","Malkangiri","Nutri/Coarse Cereals","Rabi","858.00","1171.00",""
"Odisha","Malkangiri","Nutri/Coarse Cereals","Summer","2000.00","2350.00","1028.00"
"Odisha","Malkangiri","Nutri/Coarse Cereals","Total","940.00","1209.00","1388.00"
"Odisha","Malkangiri","Cereals","Kharif","1385.00","1692.00","1651.00"
"Odisha","Malkangiri","Cereals","Rabi","2517.00","2758.00",""
"Odisha","Malkangiri","Cereals","Summer","2292.00","2514.00","14.00"
"Odisha","Malkangiri","Cereals","Total","2394.00","2640.00","1634.00"
"Odisha","Malkangiri","Urad","Kharif","","","346.00"
"Odisha","Malkangiri","Urad","Rabi","297.00","569.00",""
"Odisha","Malkangiri","Urad","Summer","371.00","",""
"Odisha","Malkangiri","Urad","Total","297.00","569.00","346.00"
"Odisha","Malkangiri","Moong","Kharif","","","394.00"
"Odisha","Malkangiri","Moong","Rabi","333.00","452.00",""
"Odisha","Malkangiri","Moong","Summer","249.00","",""
"Odisha","Malkangiri","Moong","Total","320.00","452.00","394.00"
"Odisha","Malkangiri","Other Pulses","Kharif","","","323.00"
"Odisha","Malkangiri","Other Pulses","Rabi","297.00","569.00",""
"Odisha","Malkangiri","Other Pulses","Total","297.00","569.00","323.00"
"Odisha","Malkangiri","Total Pulses","Total","299.00","563.00","343.00"
"Odisha","Malkangiri","Total Food Grains","Kharif","1385.00","1692.00","1620.00"
"Odisha","Malkangiri","Total Food Grains","Rabi","2419.00","2642.00",""
"Odisha","Malkangiri","Total Food Grains","Summer","2136.00","2514.00","14.00"
"Odisha","Malkangiri","Total Food Grains","Total","2310.00","2542.00","1604.00"
"Odisha","Mayurbhanj","Rice","Kharif","1994.00","2109.00","1791.00"
"Odisha","Mayurbhanj","Rice","Rabi","2653.00","2766.00",""
"Odisha","Mayurbhanj","Rice","Summer","2670.00","2811.00",""
"Odisha","Mayurbhanj","Rice","Total","2617.00","2734.00","1769.00"
"Odisha","Mayurbhanj","Wheat","Summer","1386.00","1525.00",""
"Odisha","Mayurbhanj","Wheat","Total","1386.00","1525.00",""
"Odisha","Mayurbhanj","Maize","Kharif","1852.00","1862.00","2083.00"
"Odisha","Mayurbhanj","Maize","Rabi","2891.00","2264.00",""
"Odisha","Mayurbhanj","Maize","Summer","2553.00","2111.00","2544.00"
"Odisha","Mayurbhanj","Maize","Total","1976.00","2026.00","2159.00"
"Odisha","Mayurbhanj","Ragi","Kharif","1390.00","980.00","1141.00"
"Odisha","Mayurbhanj","Ragi","Rabi","","743.00",""
"Odisha","Mayurbhanj","Ragi","Summer","675.00","787.00",""
"Odisha","Mayurbhanj","Ragi","Total","1072.00","917.00","1141.00"
"Odisha","Mayurbhanj","Shree Anna /Nutri Cereals","Kharif","1390.00","980.00","1141.00"
"Odisha","Mayurbhanj","Shree Anna /Nutri Cereals","Rabi","","743.00",""
"Odisha","Mayurbhanj","Shree Anna /Nutri Cereals","Summer","675.00","787.00",""
"Odisha","Mayurbhanj","Shree Anna /Nutri Cereals","Total","1072.00","917.00","1141.00"
"Odisha","Mayurbhanj","Nutri/Coarse Cereals","Kharif","1842.00","1549.00","1782.00"
"Odisha","Mayurbhanj","Nutri/Coarse Cereals","Rabi","2891.00","2055.00",""
"Odisha","Mayurbhanj","Nutri/Coarse Cereals","Summer","2307.00","1823.00","2544.00"
"Odisha","Mayurbhanj","Nutri/Coarse Cereals","Total","1945.00","1720.00","1872.00"
"Odisha","Mayurbhanj","Cereals","Kharif","1990.00","2104.00","1791.00"
"Odisha","Mayurbhanj","Cereals","Rabi","2653.00","2766.00",""
"Odisha","Mayurbhanj","Cereals","Summer","2657.00","2781.00","28.00"
"Odisha","Mayurbhanj","Cereals","Total","2616.00","2733.00","1769.00"
"Odisha","Mayurbhanj","Urad","Kharif","439.00","406.00","575.00"
"Odisha","Mayurbhanj","Urad","Rabi","418.00","367.00",""
"Odisha","Mayurbhanj","Urad","Summer","458.00","438.00","459.00"
"Odisha","Mayurbhanj","Urad","Total","438.00","407.00","507.00"
"Odisha","Mayurbhanj","Moong","Kharif","680.00","363.00","610.00"
"Odisha","Mayurbhanj","Moong","Rabi","388.00","545.00",""
"Odisha","Mayurbhanj","Moong","Summer","465.00","440.00","511.00"
"Odisha","Mayurbhanj","Moong","Total","460.00","442.00","513.00"
"Odisha","Mayurbhanj","Other Pulses","Kharif","","","491.00"
"Odisha","Mayurbhanj","Other Pulses","Rabi","457.00","476.00",""
"Odisha","Mayurbhanj","Other Pulses","Total","457.00","476.00","491.00"
"Odisha","Mayurbhanj","Total Pulses","Total","457.00","438.00","512.00"
"Odisha","Mayurbhanj","Total Food Grains","Kharif","1976.00","2091.00","1790.00"
"Odisha","Mayurbhanj","Total Food Grains","Rabi","2650.00","2765.00",""
"Odisha","Mayurbhanj","Total Food Grains","Summer","2213.00","2465.00","232.00"
"Odisha","Mayurbhanj","Total Food Grains","Total","2604.00","2727.00","1757.00"
"Odisha","Nabarangpur","Rice","Kharif","2255.00","2676.00","2040.00"
"Odisha","Nabarangpur","Rice","Rabi","2859.00","3370.00",""
"Odisha","Nabarangpur","Rice","Summer","2712.00","2419.00",""
"Odisha","Nabarangpur","Rice","Total","2787.00","3254.00","2021.00"
"Odisha","Nabarangpur","Maize","Kharif","3255.00","3491.00","4044.00"
"Odisha","Nabarangpur","Maize","Summer","2978.00","2735.00","3629.00"
"Odisha","Nabarangpur","Maize","Total","3243.00","3466.00","3996.00"
"Odisha","Nabarangpur","Ragi","Kharif","314.00","389.00","431.00"
"Odisha","Nabarangpur","Ragi","Rabi","268.00","335.00",""
"Odisha","Nabarangpur","Ragi","Summer","220.00","278.00",""
"Odisha","Nabarangpur","Ragi","Total","295.00","370.00","431.00"
"Odisha","Nabarangpur","Shree Anna /Nutri Cereals","Kharif","314.00","389.00","431.00"
"Odisha","Nabarangpur","Shree Anna /Nutri Cereals","Rabi","268.00","335.00",""
"Odisha","Nabarangpur","Shree Anna /Nutri Cereals","Summer","220.00","278.00",""
"Odisha","Nabarangpur","Shree Anna /Nutri Cereals","Total","295.00","370.00","431.00"
"Odisha","Nabarangpur","Nutri/Coarse Cereals","Kharif","3139.00","3341.00","3730.00"
"Odisha","Nabarangpur","Nutri/Coarse Cereals","Rabi","268.00","335.00",""
"Odisha","Nabarangpur","Nutri/Coarse Cereals","Summer","2796.00","2597.00","3629.00"
"Odisha","Nabarangpur","Nutri/Coarse Cereals","Total","3071.00","3255.00","3719.00"
"Odisha","Nabarangpur","Cereals","Kharif","2932.00","3135.00","2563.00"
"Odisha","Nabarangpur","Cereals","Rabi","2836.00","3342.00",""
"Odisha","Nabarangpur","Cereals","Summer","2768.00","2561.00","3096.00"
"Odisha","Nabarangpur","Cereals","Total","2869.00","3254.00","2586.00"
"Odisha","Nabarangpur","Urad","Kharif","","","802.00"
"Odisha","Nabarangpur","Urad","Rabi","709.00","746.00",""
"Odisha","Nabarangpur","Urad","Summer","","","870.00"
"Odisha","Nabarangpur","Urad","Total","709.00","746.00","803.00"
"Odisha","Nabarangpur","Moong","Summer","758.00","702.00","755.00"
"Odisha","Nabarangpur","Moong","Total","758.00","702.00","755.00"
"Odisha","Nabarangpur","Other Pulses","Kharif","","","794.00"
"Odisha","Nabarangpur","Other Pulses","Rabi","634.00","648.00",""
"Odisha","Nabarangpur","Other Pulses","Total","634.00","648.00","794.00"
"Odisha","Nabarangpur","Total Pulses","Total","681.00","702.00","799.00"
"Odisha","Nabarangpur","Total Food Grains","Kharif","2932.00","3135.00","2468.00"
"Odisha","Nabarangpur","Total Food Grains","Rabi","2723.00","3175.00",""
"Odisha","Nabarangpur","Total Food Grains","Summer","2547.00","2410.00","3069.00"
"Odisha","Nabarangpur","Total Food Grains","Total","2790.00","3151.00","2492.00"
"Odisha","Nayagarh","Rice","Kharif","1493.00","","1696.00"
"Odisha","Nayagarh","Rice","Rabi","2038.00","2751.00",""
"Odisha","Nayagarh","Rice","Summer","1507.00","2800.00",""
"Odisha","Nayagarh","Rice","Total","2038.00","2751.00","1696.00"
"Odisha","Nayagarh","Maize","Kharif","3188.00","2523.00","3204.00"
"Odisha","Nayagarh","Maize","Rabi","3237.00","3926.00",""
"Odisha","Nayagarh","Maize","Summer","2590.00","3366.00","3026.00"
"Odisha","Nayagarh","Maize","Total","3094.00","2822.00","3150.00"
"Odisha","Nayagarh","Ragi","Kharif","","1022.00","660.00"
"Odisha","Nayagarh","Ragi","Rabi","557.00","810.00",""
"Odisha","Nayagarh","Ragi","Total","557.00","949.00","660.00"
"Odisha","Nayagarh","Shree Anna /Nutri Cereals","Kharif","","1022.00","660.00"
"Odisha","Nayagarh","Shree Anna /Nutri Cereals","Rabi","557.00","810.00",""
"Odisha","Nayagarh","Shree Anna /Nutri Cereals","Total","557.00","949.00","660.00"
"Odisha","Nayagarh","Nutri/Coarse Cereals","Kharif","3188.00","2210.00","997.00"
"Odisha","Nayagarh","Nutri/Coarse Cereals","Rabi","1830.00","2170.00",""
"Odisha","Nayagarh","Nutri/Coarse Cereals","Summer","2590.00","3366.00","3026.00"
"Odisha","Nayagarh","Nutri/Coarse Cereals","Total","2964.00","2414.00","1107.00"
"Odisha","Nayagarh","Cereals","Kharif","3110.00","2210.00","1685.00"
"Odisha","Nayagarh","Cereals","Rabi","2038.00","2751.00",""
"Odisha","Nayagarh","Cereals","Summer","2257.00","3172.00","2708.00"
"Odisha","Nayagarh","Cereals","Total","2042.00","2749.00","1686.00"
"Odisha","Nayagarh","Urad","Kharif","","","327.00"
"Odisha","Nayagarh","Urad","Rabi","255.00","339.00",""
"Odisha","Nayagarh","Urad","Summer","294.00","446.00","390.00"
"Odisha","Nayagarh","Urad","Total","286.00","379.00","361.00"
"Odisha","Nayagarh","Moong","Kharif","","","354.00"
"Odisha","Nayagarh","Moong","Rabi","239.00","342.00",""
"Odisha","Nayagarh","Moong","Summer","325.00","423.00","409.00"
"Odisha","Nayagarh","Moong","Total","323.00","357.00","406.00"
"Odisha","Nayagarh","Other Pulses","Kharif","","","381.00"
"Odisha","Nayagarh","Other Pulses","Rabi","309.00","373.00",""
"Odisha","Nayagarh","Other Pulses","Summer","296.00","",""
"Odisha","Nayagarh","Other Pulses","Total","308.00","373.00","381.00"
"Odisha","Nayagarh","Total Pulses","Total","319.00","360.00","401.00"
"Odisha","Nayagarh","Total Food Grains","Kharif","3110.00","2210.00","1601.00"
"Odisha","Nayagarh","Total Food Grains","Rabi","2005.00","2249.00",""
"Odisha","Nayagarh","Total Food Grains","Summer","329.00","490.00","413.00"
"Odisha","Nayagarh","Total Food Grains","Total","1652.00","2156.00","1225.00"
"Odisha","Nuapada","Rice","Kharif","1843.00","2087.00","1609.00"
"Odisha","Nuapada","Rice","Rabi","2289.00","2617.00",""
"Odisha","Nuapada","Rice","Summer","3091.00","3094.00",""
"Odisha","Nuapada","Rice","Total","2196.00","2512.00","1473.00"
"Odisha","Nuapada","Maize","Kharif","2127.00","2130.00","1917.00"
"Odisha","Nuapada","Maize","Summer","2267.00","","861.00"
"Odisha","Nuapada","Maize","Total","2128.00","2130.00","1917.00"
"Odisha","Nuapada","Ragi","Kharif","550.00","692.00","648.00"
"Odisha","Nuapada","Ragi","Total","550.00","692.00","648.00"
"Odisha","Nuapada","Shree Anna /Nutri Cereals","Kharif","550.00","692.00","648.00"
"Odisha","Nuapada","Shree Anna /Nutri Cereals","Total","550.00","692.00","648.00"
"Odisha","Nuapada","Nutri/Coarse Cereals","Kharif","1679.00","1609.00","1322.00"
"Odisha","Nuapada","Nutri/Coarse Cereals","Summer","2267.00","","861.00"
"Odisha","Nuapada","Nutri/Coarse Cereals","Total","1679.00","1609.00","1322.00"
"Odisha","Nuapada","Cereals","Kharif","1825.00","2030.00","1601.00"
"Odisha","Nuapada","Cereals","Rabi","2289.00","2617.00",""
"Odisha","Nuapada","Cereals","Summer","3091.00","3094.00","0.00"
"Odisha","Nuapada","Cereals","Total","2176.00","2478.00","1470.00"
"Odisha","Nuapada","Urad","Kharif","178.00","168.00","183.00"
"Odisha","Nuapada","Urad","Rabi","230.00","158.00",""
"Odisha","Nuapada","Urad","Total","180.00","168.00","183.00"
"Odisha","Nuapada","Moong","Kharif","126.00","151.00","171.00"
"Odisha","Nuapada","Moong","Rabi","269.00","247.00",""
"Odisha","Nuapada","Moong","Summer","236.00","306.00","314.00"
"Odisha","Nuapada","Moong","Total","187.00","239.00","263.00"
"Odisha","Nuapada","Other Pulses","Kharif","","","207.00"
"Odisha","Nuapada","Other Pulses","Rabi","200.00","160.00",""
"Odisha","Nuapada","Other Pulses","Total","200.00","160.00","207.00"
"Odisha","Nuapada","Total Pulses","Total","187.00","202.00","233.00"
"Odisha","Nuapada","Total Food Grains","Kharif","1547.00","1722.00","1512.00"
"Odisha","Nuapada","Total Food Grains","Rabi","2170.00","2500.00",""
"Odisha","Nuapada","Total Food Grains","Summer","2418.00","2370.00","95.00"
"Odisha","Nuapada","Total Food Grains","Total","1952.00","2221.00","1360.00"
"Odisha","Puri","Rice","Kharif","2636.00","","2085.00"
"Odisha","Puri","Rice","Rabi","1243.00","1993.00",""
"Odisha","Puri","Rice","Summer","3164.00","3494.00",""
"Odisha","Puri","Rice","Total","1721.00","2436.00","1487.00"
"Odisha","Puri","Maize","Summer","","","1983.00"
"Odisha","Puri","Maize","Total","","","1983.00"
"Odisha","Puri","Ragi","Summer","543.00","780.00",""
"Odisha","Puri","Ragi","Total","543.00","780.00",""
"Odisha","Puri","Shree Anna /Nutri Cereals","Summer","543.00","780.00",""
"Odisha","Puri","Shree Anna /Nutri Cereals","Total","543.00","780.00",""
"Odisha","Puri","Nutri/Coarse Cereals","Summer","543.00","780.00","1983.00"
"Odisha","Puri","Nutri/Coarse Cereals","Total","543.00","780.00","1983.00"
"Odisha","Puri","Cereals","Kharif","2636.00","","2085.00"
"Odisha","Puri","Cereals","Rabi","1243.00","1993.00",""
"Odisha","Puri","Cereals","Summer","3162.00","3494.00","0.00"
"Odisha","Puri","Cereals","Total","1720.00","2436.00","1487.00"
"Odisha","Puri","Urad","Kharif","","","399.00"
"Odisha","Puri","Urad","Rabi","354.00","523.00",""
"Odisha","Puri","Urad","Summer","419.00","505.00","453.00"
"Odisha","Puri","Urad","Total","396.00","508.00","450.00"
"Odisha","Puri","Moong","Summer","480.00","471.00","423.00"
"Odisha","Puri","Moong","Total","480.00","471.00","423.00"
"Odisha","Puri","Other Pulses","Kharif","","","438.00"
"Odisha","Puri","Other Pulses","Rabi","378.00","396.00",""
"Odisha","Puri","Other Pulses","Total","378.00","396.00","438.00"
"Odisha","Puri","Total Pulses","Total","460.00","479.00","429.00"
"Odisha","Puri","Total Food Grains","Kharif","2636.00","","2067.00"
"Odisha","Puri","Total Food Grains","Rabi","1221.00","1960.00",""
"Odisha","Puri","Total Food Grains","Summer","2138.00","2305.00","192.00"
"Odisha","Puri","Total Food Grains","Total","1536.00","2100.00","1283.00"
"Odisha","Rayagada","Rice","Kharif","2019.00","1200.00","2146.00"
"Odisha","Rayagada","Rice","Rabi","3070.00","3230.00",""
"Odisha","Rayagada","Rice","Summer","2367.00","2442.00",""
"Odisha","Rayagada","Rice","Total","3041.00","3221.00","2133.00"
"Odisha","Rayagada","Maize","Kharif","1880.00","1731.00","1850.00"
"Odisha","Rayagada","Maize","Rabi","1706.00","1494.00",""
"Odisha","Rayagada","Maize","Summer","1756.00","1905.00","2162.00"
"Odisha","Rayagada","Maize","Total","1876.00","1733.00","1855.00"
"Odisha","Rayagada","Ragi","Kharif","806.00","764.00","800.00"
"Odisha","Rayagada","Ragi","Rabi","817.00","772.00",""
"Odisha","Rayagada","Ragi","Summer","884.00","875.00",""
"Odisha","Rayagada","Ragi","Total","815.00","772.00","800.00"
"Odisha","Rayagada","Shree Anna /Nutri Cereals","Kharif","806.00","764.00","800.00"
"Odisha","Rayagada","Shree Anna /Nutri Cereals","Rabi","817.00","772.00",""
"Odisha","Rayagada","Shree Anna /Nutri Cereals","Summer","884.00","875.00",""
"Odisha","Rayagada","Shree Anna /Nutri Cereals","Total","815.00","772.00","800.00"
"Odisha","Rayagada","Nutri/Coarse Cereals","Kharif","1536.00","1493.00","977.00"
"Odisha","Rayagada","Nutri/Coarse Cereals","Rabi","823.00","777.00",""
"Odisha","Rayagada","Nutri/Coarse Cereals","Summer","1324.00","1518.00","2162.00"
"Odisha","Rayagada","Nutri/Coarse Cereals","Total","1124.00","1076.00","980.00"
"Odisha","Rayagada","Cereals","Kharif","1591.00","1488.00","1903.00"
"Odisha","Rayagada","Cereals","Rabi","2807.00","3013.00",""
"Odisha","Rayagada","Cereals","Summer","2282.00","2244.00","204.00"
"Odisha","Rayagada","Cereals","Total","2692.00","2918.00","1894.00"
"Odisha","Rayagada","Urad","Kharif","","250.00","281.00"
"Odisha","Rayagada","Urad","Rabi","323.00","277.00",""
"Odisha","Rayagada","Urad","Summer","300.00","380.00","296.00"
"Odisha","Rayagada","Urad","Total","323.00","279.00","281.00"
"Odisha","Rayagada","Moong","Kharif","","","317.00"
"Odisha","Rayagada","Moong","Rabi","451.00","361.00",""
"Odisha","Rayagada","Moong","Summer","288.00","490.00","328.00"
"Odisha","Rayagada","Moong","Total","444.00","367.00","317.00"
"Odisha","Rayagada","Other Pulses","Kharif","","","349.00"
"Odisha","Rayagada","Other Pulses","Rabi","386.00","331.00",""
"Odisha","Rayagada","Other Pulses","Total","386.00","331.00","349.00"
"Odisha","Rayagada","Total Pulses","Total","350.00","301.00","306.00"
"Odisha","Rayagada","Total Food Grains","Kharif","1591.00","1488.00","1737.00"
"Odisha","Rayagada","Total Food Grains","Rabi","2557.00","2729.00",""
"Odisha","Rayagada","Total Food Grains","Summer","2249.00","1997.00","210.00"
"Odisha","Rayagada","Total Food Grains","Total","2476.00","2657.00","1729.00"
"Odisha","Sambalpur","Rice","Kharif","1573.00","1233.00","2295.00"
"Odisha","Sambalpur","Rice","Rabi","2482.00","3222.00",""
"Odisha","Sambalpur","Rice","Summer","4839.00","4541.00",""
"Odisha","Sambalpur","Rice","Total","2384.00","2731.00","2052.00"
"Odisha","Sambalpur","Wheat","Summer","2200.00","1294.00",""
"Odisha","Sambalpur","Wheat","Total","2200.00","1294.00",""
"Odisha","Sambalpur","Maize","Kharif","2022.00","2097.00","2808.00"
"Odisha","Sambalpur","Maize","Rabi","2700.00","",""
"Odisha","Sambalpur","Maize","Summer","2600.00","",""
"Odisha","Sambalpur","Maize","Total","2033.00","2097.00","2808.00"
"Odisha","Sambalpur","Ragi","Kharif","700.00","650.00","113.00"
"Odisha","Sambalpur","Ragi","Total","700.00","650.00","113.00"
"Odisha","Sambalpur","Shree Anna /Nutri Cereals","Kharif","700.00","650.00","113.00"
"Odisha","Sambalpur","Shree Anna /Nutri Cereals","Total","700.00","650.00","113.00"
"Odisha","Sambalpur","Nutri/Coarse Cereals","Kharif","2007.00","2077.00","2475.00"
"Odisha","Sambalpur","Nutri/Coarse Cereals","Rabi","2700.00","",""
"Odisha","Sambalpur","Nutri/Coarse Cereals","Summer","2600.00","",""
"Odisha","Sambalpur","Nutri/Coarse Cereals","Total","2018.00","2077.00","2475.00"
"Odisha","Sambalpur","Cereals","Kharif","1575.00","1236.00","2295.00"
"Odisha","Sambalpur","Cereals","Rabi","2482.00","3222.00",""
"Odisha","Sambalpur","Cereals","Summer","4838.00","4523.00",""
"Odisha","Sambalpur","Cereals","Total","2384.00","2730.00","2053.00"
"Odisha","Sambalpur","Urad","Kharif","728.00","454.00","553.00"
"Odisha","Sambalpur","Urad","Rabi","547.00","611.00",""
"Odisha","Sambalpur","Urad","Summer","659.00","659.00","525.00"
"Odisha","Sambalpur","Urad","Total","617.00","560.00","553.00"
"Odisha","Sambalpur","Moong","Kharif","862.00","657.00","644.00"
"Odisha","Sambalpur","Moong","Rabi","726.00","684.00",""
"Odisha","Sambalpur","Moong","Summer","786.00","641.00","668.00"
"Odisha","Sambalpur","Moong","Total","785.00","658.00","656.00"
"Odisha","Sambalpur","Other Pulses","Kharif","","","538.00"
"Odisha","Sambalpur","Other Pulses","Rabi","581.00","560.00",""
"Odisha","Sambalpur","Other Pulses","Total","581.00","560.00","538.00"
"Odisha","Sambalpur","Total Pulses","Total","694.00","607.00","616.00"
"Odisha","Sambalpur","Total Food Grains","Kharif","1567.00","1231.00","2276.00"
"Odisha","Sambalpur","Total Food Grains","Rabi","2445.00","3163.00",""
"Odisha","Sambalpur","Total Food Grains","Summer","4398.00","4274.00","30.00"
"Odisha","Sambalpur","Total Food Grains","Total","2343.00","2683.00","2032.00"
"Odisha","Sonepur","Rice","Kharif","1498.00","2014.00","2489.00"
"Odisha","Sonepur","Rice","Rabi","3439.00","3724.00",""
"Odisha","Sonepur","Rice","Summer","4029.00","4031.00",""
"Odisha","Sonepur","Rice","Total","3436.00","3720.00","1808.00"
"Odisha","Sonepur","Ragi","Kharif","","","846.00"
"Odisha","Sonepur","Ragi","Total","","","846.00"
"Odisha","Sonepur","Shree Anna /Nutri Cereals","Kharif","","","846.00"
"Odisha","Sonepur","Shree Anna /Nutri Cereals","Total","","","846.00"
"Odisha","Sonepur","Nutri/Coarse Cereals","Kharif","","","846.00"
"Odisha","Sonepur","Nutri/Coarse Cereals","Total","","","846.00"
"Odisha","Sonepur","Cereals","Kharif","1498.00","2014.00","2489.00"
"Odisha","Sonepur","Cereals","Rabi","3439.00","3724.00",""
"Odisha","Sonepur","Cereals","Summer","4029.00","4031.00",""
"Odisha","Sonepur","Cereals","Total","3436.00","3720.00","1808.00"
"Odisha","Sonepur","Urad","Rabi","345.00","331.00",""
"Odisha","Sonepur","Urad","Total","345.00","331.00",""
"Odisha","Sonepur","Moong","Kharif","295.00","305.00","357.00"
"Odisha","Sonepur","Moong","Rabi","282.00","307.00",""
"Odisha","Sonepur","Moong","Summer","426.00","333.00","368.00"
"Odisha","Sonepur","Moong","Total","342.00","314.00","367.00"
"Odisha","Sonepur","Other Pulses","Kharif","","","403.00"
"Odisha","Sonepur","Other Pulses","Rabi","279.00","257.00",""
"Odisha","Sonepur","Other Pulses","Total","279.00","257.00","403.00"
"Odisha","Sonepur","Total Pulses","Total","337.00","304.00","371.00"
"Odisha","Sonepur","Total Food Grains","Kharif","1471.00","1930.00","2480.00"
"Odisha","Sonepur","Total Food Grains","Rabi","3412.00","3706.00",""
"Odisha","Sonepur","Total Food Grains","Summer","3969.00","4003.00","15.00"
"Odisha","Sonepur","Total Food Grains","Total","3400.00","3693.00","1787.00"
"Odisha","Sundargarh","Rice","Kharif","1734.00","1494.00","1508.00"
"Odisha","Sundargarh","Rice","Rabi","2043.00","1869.00",""
"Odisha","Sundargarh","Rice","Summer","2240.00","2767.00",""
"Odisha","Sundargarh","Rice","Total","1915.00","1730.00","1494.00"
"Odisha","Sundargarh","Wheat","Summer","1839.00","1859.00",""
"Odisha","Sundargarh","Wheat","Total","1839.00","1859.00",""
"Odisha","Sundargarh","Maize","Kharif","2813.00","2880.00","3066.00"
"Odisha","Sundargarh","Maize","Rabi","3531.00","",""
"Odisha","Sundargarh","Maize","Summer","2634.00","3033.00","1448.00"
"Odisha","Sundargarh","Maize","Total","2778.00","2886.00","3027.00"
"Odisha","Sundargarh","Ragi","Kharif","606.00","588.00","742.00"
"Odisha","Sundargarh","Ragi","Rabi","718.00","757.00",""
"Odisha","Sundargarh","Ragi","Summer","338.00","681.00",""
"Odisha","Sundargarh","Ragi","Total","549.00","626.00","742.00"
"Odisha","Sundargarh","Shree Anna /Nutri Cereals","Kharif","606.00","588.00","742.00"
"Odisha","Sundargarh","Shree Anna /Nutri Cereals","Rabi","718.00","757.00",""
"Odisha","Sundargarh","Shree Anna /Nutri Cereals","Summer","338.00","681.00",""
"Odisha","Sundargarh","Shree Anna /Nutri Cereals","Total","549.00","626.00","742.00"
"Odisha","Sundargarh","Nutri/Coarse Cereals","Kharif","2169.00","1914.00","1650.00"
"Odisha","Sundargarh","Nutri/Coarse Cereals","Rabi","1308.00","757.00",""
"Odisha","Sundargarh","Nutri/Coarse Cereals","Summer","1874.00","1631.00","1448.00"
"Odisha","Sundargarh","Nutri/Coarse Cereals","Total","2078.00","1793.00","1648.00"
"Odisha","Sundargarh","Cereals","Kharif","1743.00","1505.00","1510.00"
"Odisha","Sundargarh","Cereals","Rabi","2043.00","1867.00",""
"Odisha","Sundargarh","Cereals","Summer","2069.00","2408.00","18.00"
"Odisha","Sundargarh","Cereals","Total","1917.00","1731.00","1496.00"
"Odisha","Sundargarh","Urad","Kharif","370.00","396.00","457.00"
"Odisha","Sundargarh","Urad","Rabi","327.00","301.00",""
"Odisha","Sundargarh","Urad","Summer","1114.00","582.00","592.00"
"Odisha","Sundargarh","Urad","Total","386.00","391.00","468.00"
"Odisha","Sundargarh","Moong","Kharif","335.00","403.00","476.00"
"Odisha","Sundargarh","Moong","Rabi","471.00","428.00",""
"Odisha","Sundargarh","Moong","Summer","492.00","547.00","534.00"
"Odisha","Sundargarh","Moong","Total","460.00","485.00","515.00"
"Odisha","Sundargarh","Other Pulses","Kharif","","","461.00"
"Odisha","Sundargarh","Other Pulses","Rabi","376.00","432.00",""
"Odisha","Sundargarh","Other Pulses","Total","376.00","432.00","461.00"
"Odisha","Sundargarh","Total Pulses","Total","419.00","442.00","487.00"
"Odisha","Sundargarh","Total Food Grains","Kharif","1707.00","1476.00","1490.00"
"Odisha","Sundargarh","Total Food Grains","Rabi","2014.00","1848.00",""
"Odisha","Sundargarh","Total Food Grains","Summer","1087.00","1113.00","272.00"
"Odisha","Sundargarh","Total Food Grains","Total","1868.00","1700.00","1468.00"