"State","District","Crop","Season","Yield-2015-16","Yield-2016-17","Yield-2017-18"
"Odisha","Anugul","Rice","Kharif","1000.00","1412.00","926.00"
"Odisha","Anugul","Rice","Rabi","761.00","2426.00","1407.00"
"Odisha","Anugul","Rice","Summer","","2417.00","2500.00"
"Odisha","Anugul","Rice","Total","797.00","2340.00","1358.00"
"Odisha","Anugul","Maize","Kharif","1161.00","1173.00","1285.00"
"Odisha","Anugul","Maize","Rabi","","1667.00","1892.00"
"Odisha","Anugul","Maize","Summer","1540.00","1837.00","1819.00"
"Odisha","Anugul","Maize","Total","1169.00","1203.00","1324.00"
"Odisha","Anugul","Ragi","Kharif","700.00","700.00",""
"Odisha","Anugul","Ragi","Total","700.00","700.00",""
"Odisha","Anugul","Shree Anna /Nutri Cereals","Kharif","700.00","700.00",""
"Odisha","Anugul","Shree Anna /Nutri Cereals","Total","700.00","700.00",""
"Odisha","Anugul","Nutri/Coarse Cereals","Kharif","1160.00","1168.00","1285.00"
"Odisha","Anugul","Nutri/Coarse Cereals","Rabi","","1667.00","1892.00"
"Odisha","Anugul","Nutri/Coarse Cereals","Summer","1540.00","1837.00","1819.00"
"Odisha","Anugul","Nutri/Coarse Cereals","Total","1168.00","1198.00","1324.00"
"Odisha","Anugul","Cereals","Kharif","1006.00","1395.00","940.00"
"Odisha","Anugul","Cereals","Rabi","761.00","2426.00","1407.00"
"Odisha","Anugul","Cereals","Summer","1540.00","2374.00","2406.00"
"Odisha","Anugul","Cereals","Total","800.00","2332.00","1358.00"
"Odisha","Anugul","Urad","Kharif","325.00","357.00","392.00"
"Odisha","Anugul","Urad","Rabi","312.00","415.00","398.00"
"Odisha","Anugul","Urad","Summer","422.00","504.00","500.00"
"Odisha","Anugul","Urad","Total","330.00","388.00","395.00"
"Odisha","Anugul","Moong","Kharif","259.00","302.00","320.00"
"Odisha","Anugul","Moong","Rabi","274.00","341.00","342.00"
"Odisha","Anugul","Moong","Summer","330.00","431.00","394.00"
"Odisha","Anugul","Moong","Total","292.00","342.00","336.00"
"Odisha","Anugul","Other Pulses","Rabi","341.00","407.00","402.00"
"Odisha","Anugul","Other Pulses","Total","341.00","407.00","402.00"
"Odisha","Anugul","Total Pulses","Total","319.00","376.00","374.00"
"Odisha","Anugul","Total Food Grains","Kharif","908.00","1136.00","799.00"
"Odisha","Anugul","Total Food Grains","Rabi","746.00","2330.00","1365.00"
"Odisha","Anugul","Total Food Grains","Summer","359.00","1128.00","989.00"
"Odisha","Anugul","Total Food Grains","Total","769.00","2186.00","1288.00"
"Odisha","Balangir","Rice","Kharif","662.00","1270.00","436.00"
"Odisha","Balangir","Rice","Rabi","1103.00","2826.00","962.00"
"Odisha","Balangir","Rice","Summer","3000.00","2746.00","2485.00"
"Odisha","Balangir","Rice","Total","943.00","2209.00","791.00"
"Odisha","Balangir","Wheat","Summer","","","5000.00"
"Odisha","Balangir","Wheat","Total","","","5000.00"
"Odisha","Balangir","Maize","Kharif","938.00","1492.00","2121.00"
"Odisha","Balangir","Maize","Rabi","1650.00","1634.00","1900.00"
"Odisha","Balangir","Maize","Summer","2500.00","1600.00",""
"Odisha","Balangir","Maize","Total","940.00","1504.00","2116.00"
"Odisha","Balangir","Ragi","Kharif","","284.00",""
"Odisha","Balangir","Ragi","Total","","284.00",""
"Odisha","Balangir","Shree Anna /Nutri Cereals","Kharif","","284.00",""
"Odisha","Balangir","Shree Anna /Nutri Cereals","Total","","284.00",""
"Odisha","Balangir","Nutri/Coarse Cereals","Kharif","938.00","1301.00","2121.00"
"Odisha","Balangir","Nutri/Coarse Cereals","Rabi","1650.00","1634.00","1900.00"
"Odisha","Balangir","Nutri/Coarse Cereals","Summer","2500.00","1600.00",""
"Odisha","Balangir","Nutri/Coarse Cereals","Total","940.00","1323.00","2116.00"
"Odisha","Balangir","Cereals","Kharif","668.00","1271.00","452.00"
"Odisha","Balangir","Cereals","Rabi","1103.00","2824.00","962.00"
"Odisha","Balangir","Cereals","Summer","3000.00","2744.00","2491.00"
"Odisha","Balangir","Cereals","Total","943.00","2196.00","796.00"
"Odisha","Balangir","Urad","Kharif","218.00","417.00","311.00"
"Odisha","Balangir","Urad","Rabi","307.00","411.00","356.00"
"Odisha","Balangir","Urad","Summer","400.00","462.00","360.00"
"Odisha","Balangir","Urad","Total","226.00","416.00","334.00"
"Odisha","Balangir","Moong","Kharif","208.00","425.00","320.00"
"Odisha","Balangir","Moong","Rabi","265.00","435.00","367.00"
"Odisha","Balangir","Moong","Summer","323.00","378.00","353.00"
"Odisha","Balangir","Moong","Total","240.00","427.00","350.00"
"Odisha","Balangir","Other Pulses","Rabi","263.00","472.00","329.00"
"Odisha","Balangir","Other Pulses","Total","263.00","472.00","329.00"
"Odisha","Balangir","Total Pulses","Total","242.00","429.00","343.00"
"Odisha","Balangir","Total Food Grains","Kharif","609.00","1141.00","444.00"
"Odisha","Balangir","Total Food Grains","Rabi","1045.00","2592.00","931.00"
"Odisha","Balangir","Total Food Grains","Summer","1513.00","1844.00","1183.00"
"Odisha","Balangir","Total Food Grains","Total","873.00","1975.00","767.00"
"Odisha","Baleshwar","Rice","Kharif","","","1000.00"
"Odisha","Baleshwar","Rice","Rabi","1474.00","2720.00","2175.00"
"Odisha","Baleshwar","Rice","Summer","3207.00","3190.00","3408.00"
"Odisha","Baleshwar","Rice","Total","1701.00","2785.00","2329.00"
"Odisha","Baleshwar","Wheat","Summer","667.00","",""
"Odisha","Baleshwar","Wheat","Total","667.00","",""
"Odisha","Baleshwar","Maize","Summer","100.00","1525.00",""
"Odisha","Baleshwar","Maize","Total","100.00","1525.00",""
"Odisha","Baleshwar","Nutri/Coarse Cereals","Summer","100.00","1525.00",""
"Odisha","Baleshwar","Nutri/Coarse Cereals","Total","100.00","1525.00",""
"Odisha","Baleshwar","Cereals","Kharif","","","1000.00"
"Odisha","Baleshwar","Cereals","Rabi","1474.00","2720.00","2175.00"
"Odisha","Baleshwar","Cereals","Summer","3206.00","3189.00","3408.00"
"Odisha","Baleshwar","Cereals","Total","1701.00","2785.00","2329.00"
"Odisha","Baleshwar","Urad","Kharif","","400.00","400.00"
"Odisha","Baleshwar","Urad","Rabi","389.00","192.00",""
"Odisha","Baleshwar","Urad","Summer","514.00","348.00","535.00"
"Odisha","Baleshwar","Urad","Total","503.00","347.00","535.00"
"Odisha","Baleshwar","Moong","Rabi","","400.00",""
"Odisha","Baleshwar","Moong","Summer","497.00","412.00","522.00"
"Odisha","Baleshwar","Moong","Total","497.00","412.00","522.00"
"Odisha","Baleshwar","Other Pulses","Rabi","2000.00","",""
"Odisha","Baleshwar","Other Pulses","Total","2000.00","",""
"Odisha","Baleshwar","Total Pulses","Total","499.00","385.00","526.00"
"Odisha","Baleshwar","Total Food Grains","Kharif","","400.00","945.00"
"Odisha","Baleshwar","Total Food Grains","Rabi","1473.00","2720.00","2175.00"
"Odisha","Baleshwar","Total Food Grains","Summer","2833.00","2739.00","3106.00"
"Odisha","Baleshwar","Total Food Grains","Total","1676.00","2723.00","2303.00"
"Odisha","Bargarh","Rice","Kharif","387.00","697.00","171.00"
"Odisha","Bargarh","Rice","Rabi","1552.00","2248.00","536.00"
"Odisha","Bargarh","Rice","Summer","4123.00","4409.00","3246.00"
"Odisha","Bargarh","Rice","Total","1928.00","2437.00","1049.00"
"Odisha","Bargarh","Wheat","Summer","2122.00","660.00","2411.00"
"Odisha","Bargarh","Wheat","Total","2122.00","660.00","2411.00"
"Odisha","Bargarh","Maize","Kharif","1388.00","1385.00","1405.00"
"Odisha","Bargarh","Maize","Rabi","4400.00","",""
"Odisha","Bargarh","Maize","Summer","2250.00","440.00","1950.00"
"Odisha","Bargarh","Maize","Total","1438.00","1374.00","1411.00"
"Odisha","Bargarh","Ragi","Kharif","","600.00",""
"Odisha","Bargarh","Ragi","Total","","600.00",""
"Odisha","Bargarh","Shree Anna /Nutri Cereals","Kharif","","600.00",""
"Odisha","Bargarh","Shree Anna /Nutri Cereals","Total","","600.00",""
"Odisha","Bargarh","Nutri/Coarse Cereals","Kharif","1388.00","1383.00","1405.00"
"Odisha","Bargarh","Nutri/Coarse Cereals","Rabi","4400.00","",""
"Odisha","Bargarh","Nutri/Coarse Cereals","Summer","2250.00","440.00","1950.00"
"Odisha","Bargarh","Nutri/Coarse Cereals","Total","1438.00","1372.00","1411.00"
"Odisha","Bargarh","Cereals","Kharif","391.00","703.00","175.00"
"Odisha","Bargarh","Cereals","Rabi","1552.00","2248.00","536.00"
"Odisha","Bargarh","Cereals","Summer","4123.00","4409.00","3246.00"
"Odisha","Bargarh","Cereals","Total","1928.00","2436.00","1049.00"
"Odisha","Bargarh","Urad","Kharif","269.00","445.00","305.00"
"Odisha","Bargarh","Urad","Rabi","400.00","","345.00"
"Odisha","Bargarh","Urad","Summer","423.00","596.00","383.00"
"Odisha","Bargarh","Urad","Total","270.00","445.00","306.00"
"Odisha","Bargarh","Moong","Kharif","260.00","449.00","321.00"
"Odisha","Bargarh","Moong","Rabi","267.00","366.00","328.00"
"Odisha","Bargarh","Moong","Summer","301.00","405.00","381.00"
"Odisha","Bargarh","Moong","Total","266.00","446.00","324.00"
"Odisha","Bargarh","Other Pulses","Rabi","276.00","316.00","335.00"
"Odisha","Bargarh","Other Pulses","Total","276.00","316.00","335.00"
"Odisha","Bargarh","Total Pulses","Total","268.00","444.00","318.00"
"Odisha","Bargarh","Total Food Grains","Kharif","361.00","606.00","221.00"
"Odisha","Bargarh","Total Food Grains","Rabi","1548.00","2243.00","535.00"
"Odisha","Bargarh","Total Food Grains","Summer","3999.00","4302.00","3205.00"
"Odisha","Bargarh","Total Food Grains","Total","1815.00","2220.00","984.00"
"Odisha","Bhadrak","Rice","Rabi","2513.00","3102.00","1936.00"
"Odisha","Bhadrak","Rice","Summer","2500.00","2930.00","2603.00"
"Odisha","Bhadrak","Rice","Total","2512.00","3102.00","1942.00"
"Odisha","Bhadrak","Wheat","Summer","1150.00","",""
"Odisha","Bhadrak","Wheat","Total","1150.00","",""
"Odisha","Bhadrak","Cereals","Rabi","2513.00","3102.00","1936.00"
"Odisha","Bhadrak","Cereals","Summer","2497.00","2930.00","2603.00"
"Odisha","Bhadrak","Cereals","Total","2512.00","3102.00","1942.00"
"Odisha","Bhadrak","Urad","Rabi","576.00","533.00","545.00"
"Odisha","Bhadrak","Urad","Summer","544.00","647.00","508.00"
"Odisha","Bhadrak","Urad","Total","570.00","552.00","520.00"
"Odisha","Bhadrak","Moong","Summer","505.00","614.00","514.00"
"Odisha","Bhadrak","Moong","Total","505.00","614.00","514.00"
"Odisha","Bhadrak","Total Pulses","Total","526.00","576.00","517.00"
"Odisha","Bhadrak","Total Food Grains","Rabi","2498.00","3070.00","1932.00"
"Odisha","Bhadrak","Total Food Grains","Summer","1253.00","1037.00","1412.00"
"Odisha","Bhadrak","Total Food Grains","Total","2458.00","3040.00","1921.00"
"Odisha","Boudh","Rice","Kharif","600.00","2108.00","1034.00"
"Odisha","Boudh","Rice","Rabi","945.00","3142.00","1873.00"
"Odisha","Boudh","Rice","Summer","2000.00","3430.00","3519.00"
"Odisha","Boudh","Rice","Total","934.00","3099.00","1844.00"
"Odisha","Boudh","Wheat","Summer","1600.00","900.00",""
"Odisha","Boudh","Wheat","Total","1600.00","900.00",""
"Odisha","Boudh","Maize","Kharif","607.00","786.00","835.00"
"Odisha","Boudh","Maize","Rabi","","130.00",""
"Odisha","Boudh","Maize","Total","607.00","728.00","835.00"
"Odisha","Boudh","Nutri/Coarse Cereals","Kharif","607.00","786.00","835.00"
"Odisha","Boudh","Nutri/Coarse Cereals","Rabi","","130.00",""
"Odisha","Boudh","Nutri/Coarse Cereals","Total","607.00","728.00","835.00"
"Odisha","Boudh","Cereals","Kharif","600.00","2061.00","1030.00"
"Odisha","Boudh","Cereals","Rabi","945.00","3142.00","1873.00"
"Odisha","Boudh","Cereals","Summer","2000.00","3429.00","3519.00"
"Odisha","Boudh","Cereals","Total","934.00","3095.00","1842.00"
"Odisha","Boudh","Urad","Kharif","","528.00","433.00"
"Odisha","Boudh","Urad","Rabi","184.00","293.00","283.00"
"Odisha","Boudh","Urad","Summer","","560.00","200.00"
"Odisha","Boudh","Urad","Total","184.00","315.00","286.00"
"Odisha","Boudh","Moong","Kharif","182.00","331.00","379.00"
"Odisha","Boudh","Moong","Rabi","186.00","283.00","244.00"
"Odisha","Boudh","Moong","Summer","176.00","297.00","213.00"
"Odisha","Boudh","Moong","Total","180.00","297.00","255.00"
"Odisha","Boudh","Other Pulses","Rabi","161.00","324.00","370.00"
"Odisha","Boudh","Other Pulses","Total","161.00","324.00","370.00"
"Odisha","Boudh","Total Pulses","Total","172.00","307.00","299.00"
"Odisha","Boudh","Total Food Grains","Kharif","584.00","1709.00","980.00"
"Odisha","Boudh","Total Food Grains","Rabi","926.00","2934.00","1822.00"
"Odisha","Boudh","Total Food Grains","Summer","1231.00","1810.00","2016.00"
"Odisha","Boudh","Total Food Grains","Total","905.00","2808.00","1767.00"
"Odisha","Cuttack","Rice","Kharif","1500.00","1793.00","1024.00"
"Odisha","Cuttack","Rice","Rabi","2025.00","3342.00","2220.00"
"Odisha","Cuttack","Rice","Summer","2000.00","3413.00","2829.00"
"Odisha","Cuttack","Rice","Total","2017.00","3320.00","2199.00"
"Odisha","Cuttack","Maize","Rabi","700.00","",""
"Odisha","Cuttack","Maize","Total","700.00","",""
"Odisha","Cuttack","Nutri/Coarse Cereals","Rabi","700.00","",""
"Odisha","Cuttack","Nutri/Coarse Cereals","Total","700.00","",""
"Odisha","Cuttack","Cereals","Kharif","1500.00","1793.00","1024.00"
"Odisha","Cuttack","Cereals","Rabi","2025.00","3342.00","2220.00"
"Odisha","Cuttack","Cereals","Summer","2000.00","3413.00","2829.00"
"Odisha","Cuttack","Cereals","Total","2016.00","3320.00","2199.00"
"Odisha","Cuttack","Urad","Rabi","374.00","364.00","377.00"
"Odisha","Cuttack","Urad","Summer","515.00","672.00","575.00"
"Odisha","Cuttack","Urad","Total","446.00","560.00","521.00"
"Odisha","Cuttack","Moong","Rabi","","384.00","269.00"
"Odisha","Cuttack","Moong","Summer","326.00","603.00","548.00"
"Odisha","Cuttack","Moong","Total","326.00","592.00","539.00"
"Odisha","Cuttack","Other Pulses","Rabi","453.00","341.00","506.00"
"Odisha","Cuttack","Other Pulses","Summer","","459.00","376.00"
"Odisha","Cuttack","Other Pulses","Total","453.00","348.00","497.00"
"Odisha","Cuttack","Total Pulses","Total","343.00","582.00","534.00"
"Odisha","Cuttack","Total Food Grains","Kharif","1500.00","1793.00","1024.00"
"Odisha","Cuttack","Total Food Grains","Rabi","1986.00","3209.00","2177.00"
"Odisha","Cuttack","Total Food Grains","Summer","388.00","729.00","591.00"
"Odisha","Cuttack","Total Food Grains","Total","1641.00","2625.00","1906.00"
"Odisha","Deogarh","Rice","Kharif","1214.00","1284.00","1618.00"
"Odisha","Deogarh","Rice","Rabi","909.00","1797.00","2022.00"
"Odisha","Deogarh","Rice","Summer","","1000.00",""
"Odisha","Deogarh","Rice","Total","1000.00","1554.00","1833.00"
"Odisha","Deogarh","Wheat","Summer","1950.00","",""
"Odisha","Deogarh","Wheat","Total","1950.00","",""
"Odisha","Deogarh","Maize","Kharif","1504.00","1334.00","1507.00"
"Odisha","Deogarh","Maize","Rabi","1350.00","",""
"Odisha","Deogarh","Maize","Summer","2075.00","1789.00",""
"Odisha","Deogarh","Maize","Total","1539.00","1349.00","1507.00"
"Odisha","Deogarh","Ragi","Kharif","","471.00",""
"Odisha","Deogarh","Ragi","Total","","471.00",""
"Odisha","Deogarh","Shree Anna /Nutri Cereals","Kharif","","471.00",""
"Odisha","Deogarh","Shree Anna /Nutri Cereals","Total","","471.00",""
"Odisha","Deogarh","Nutri/Coarse Cereals","Kharif","1504.00","1270.00","1507.00"
"Odisha","Deogarh","Nutri/Coarse Cereals","Rabi","1350.00","",""
"Odisha","Deogarh","Nutri/Coarse Cereals","Summer","2075.00","1789.00",""
"Odisha","Deogarh","Nutri/Coarse Cereals","Total","1539.00","1286.00","1507.00"
"Odisha","Deogarh","Cereals","Kharif","1215.00","1284.00","1618.00"
"Odisha","Deogarh","Cereals","Rabi","909.00","1797.00","2022.00"
"Odisha","Deogarh","Cereals","Summer","2033.00","1374.00",""
"Odisha","Deogarh","Cereals","Total","1001.00","1552.00","1832.00"
"Odisha","Deogarh","Urad","Kharif","330.00","354.00","462.00"
"Odisha","Deogarh","Urad","Rabi","","550.00","432.00"
"Odisha","Deogarh","Urad","Summer","300.00","300.00",""
"Odisha","Deogarh","Urad","Total","330.00","355.00","459.00"
"Odisha","Deogarh","Moong","Kharif","342.00","440.00","453.00"
"Odisha","Deogarh","Moong","Rabi","254.00","376.00","428.00"
"Odisha","Deogarh","Moong","Summer","286.00","431.00","455.00"
"Odisha","Deogarh","Moong","Total","293.00","437.00","449.00"
"Odisha","Deogarh","Other Pulses","Rabi","313.00","382.00","428.00"
"Odisha","Deogarh","Other Pulses","Summer","","157.00",""
"Odisha","Deogarh","Other Pulses","Total","313.00","378.00","428.00"
"Odisha","Deogarh","Total Pulses","Total","315.00","404.00","451.00"
"Odisha","Deogarh","Total Food Grains","Kharif","1199.00","1184.00","1527.00"
"Odisha","Deogarh","Total Food Grains","Rabi","905.00","1770.00","1989.00"
"Odisha","Deogarh","Total Food Grains","Summer","382.00","507.00","455.00"
"Odisha","Deogarh","Total Food Grains","Total","992.00","1471.00","1761.00"
"Odisha","Dhenkanal","Rice","Kharif","1200.00","1578.00","1110.00"
"Odisha","Dhenkanal","Rice","Rabi","1617.00","2876.00","1389.00"
"Odisha","Dhenkanal","Rice","Summer","","2615.00","2600.00"
"Odisha","Dhenkanal","Rice","Total","1593.00","2857.00","1386.00"
"Odisha","Dhenkanal","Wheat","Summer","1138.00","","900.00"
"Odisha","Dhenkanal","Wheat","Total","1138.00","","900.00"
"Odisha","Dhenkanal","Maize","Kharif","1174.00","1500.00","1100.00"
"Odisha","Dhenkanal","Maize","Rabi","950.00","","1133.00"
"Odisha","Dhenkanal","Maize","Summer","1425.00","1800.00","1036.00"
"Odisha","Dhenkanal","Maize","Total","1188.00","1609.00","1062.00"
"Odisha","Dhenkanal","Ragi","Kharif","550.00","600.00",""
"Odisha","Dhenkanal","Ragi","Total","550.00","600.00",""
"Odisha","Dhenkanal","Shree Anna /Nutri Cereals","Kharif","550.00","600.00",""
"Odisha","Dhenkanal","Shree Anna /Nutri Cereals","Total","550.00","600.00",""
"Odisha","Dhenkanal","Nutri/Coarse Cereals","Kharif","1141.00","1388.00","1100.00"
"Odisha","Dhenkanal","Nutri/Coarse Cereals","Rabi","950.00","","1133.00"
"Odisha","Dhenkanal","Nutri/Coarse Cereals","Summer","1425.00","1800.00","1036.00"
"Odisha","Dhenkanal","Nutri/Coarse Cereals","Total","1158.00","1525.00","1062.00"
"Odisha","Dhenkanal","Cereals","Kharif","1200.00","1577.00","1110.00"
"Odisha","Dhenkanal","Cereals","Rabi","1617.00","2876.00","1389.00"
"Odisha","Dhenkanal","Cereals","Summer","1233.00","2591.00","2457.00"
"Odisha","Dhenkanal","Cereals","Total","1593.00","2856.00","1386.00"
"Odisha","Dhenkanal","Urad","Kharif","344.00","500.00","200.00"
"Odisha","Dhenkanal","Urad","Rabi","435.00","461.00","394.00"
"Odisha","Dhenkanal","Urad","Summer","","505.00","393.00"
"Odisha","Dhenkanal","Urad","Total","435.00","466.00","394.00"
"Odisha","Dhenkanal","Moong","Kharif","","474.00",""
"Odisha","Dhenkanal","Moong","Rabi","357.00","491.00","411.00"
"Odisha","Dhenkanal","Moong","Summer","477.00","445.00","397.00"
"Odisha","Dhenkanal","Moong","Total","460.00","461.00","399.00"
"Odisha","Dhenkanal","Other Pulses","Rabi","397.00","521.00","355.00"
"Odisha","Dhenkanal","Other Pulses","Summer","","","424.00"
"Odisha","Dhenkanal","Other Pulses","Total","397.00","521.00","358.00"
"Odisha","Dhenkanal","Total Pulses","Total","440.00","468.00","394.00"
"Odisha","Dhenkanal","Total Food Grains","Kharif","1198.00","1474.00","1110.00"
"Odisha","Dhenkanal","Total Food Grains","Rabi","1573.00","2766.00","1354.00"
"Odisha","Dhenkanal","Total Food Grains","Summer","483.00","604.00","483.00"
"Odisha","Dhenkanal","Total Food Grains","Total","1535.00","2695.00","1299.00"
"Odisha","Gajapati","Rice","Kharif","","1083.00","1000.00"
"Odisha","Gajapati","Rice","Rabi","972.00","2492.00","2086.00"
"Odisha","Gajapati","Rice","Summer","1000.00","2228.00","2227.00"
"Odisha","Gajapati","Rice","Total","973.00","2484.00","2089.00"
"Odisha","Gajapati","Maize","Kharif","2114.00","2526.00","2314.00"
"Odisha","Gajapati","Maize","Rabi","2733.00","",""
"Odisha","Gajapati","Maize","Summer","","","2100.00"
"Odisha","Gajapati","Maize","Total","2115.00","2526.00","2314.00"
"Odisha","Gajapati","Ragi","Kharif","815.00","800.00","913.00"
"Odisha","Gajapati","Ragi","Rabi","577.00","828.00","700.00"
"Odisha","Gajapati","Ragi","Summer","700.00","700.00","900.00"
"Odisha","Gajapati","Ragi","Total","794.00","801.00","912.00"
"Odisha","Gajapati","Shree Anna /Nutri Cereals","Kharif","815.00","800.00","913.00"
"Odisha","Gajapati","Shree Anna /Nutri Cereals","Rabi","577.00","828.00","700.00"
"Odisha","Gajapati","Shree Anna /Nutri Cereals","Summer","700.00","700.00","900.00"
"Odisha","Gajapati","Shree Anna /Nutri Cereals","Total","794.00","801.00","912.00"
"Odisha","Gajapati","Nutri/Coarse Cereals","Kharif","2054.00","2397.00","2238.00"
"Odisha","Gajapati","Nutri/Coarse Cereals","Rabi","1109.00","828.00","700.00"
"Odisha","Gajapati","Nutri/Coarse Cereals","Summer","700.00","700.00","1233.00"
"Odisha","Gajapati","Nutri/Coarse Cereals","Total","2048.00","2392.00","2236.00"
"Odisha","Gajapati","Cereals","Kharif","2054.00","2384.00","2235.00"
"Odisha","Gajapati","Cereals","Rabi","973.00","2491.00","2086.00"
"Odisha","Gajapati","Cereals","Summer","996.00","2223.00","2207.00"
"Odisha","Gajapati","Cereals","Total","1295.00","2464.00","2123.00"
"Odisha","Gajapati","Urad","Rabi","153.00","272.00","275.00"
"Odisha","Gajapati","Urad","Total","153.00","272.00","275.00"
"Odisha","Gajapati","Moong","Rabi","204.00","314.00","388.00"
"Odisha","Gajapati","Moong","Total","204.00","314.00","388.00"
"Odisha","Gajapati","Other Pulses","Rabi","190.00","279.00","280.00"
"Odisha","Gajapati","Other Pulses","Total","190.00","279.00","280.00"
"Odisha","Gajapati","Total Pulses","Total","175.00","295.00","331.00"
"Odisha","Gajapati","Total Food Grains","Kharif","2054.00","2384.00","2235.00"
"Odisha","Gajapati","Total Food Grains","Rabi","890.00","2182.00","1836.00"
"Odisha","Gajapati","Total Food Grains","Summer","996.00","2223.00","2207.00"
"Odisha","Gajapati","Total Food Grains","Total","1213.00","2223.00","1924.00"
"Odisha","Ganjam","Rice","Kharif","","3000.00","1625.00"
"Odisha","Ganjam","Rice","Rabi","1921.00","2851.00","1575.00"
"Odisha","Ganjam","Rice","Summer","","2429.00","2250.00"
"Odisha","Ganjam","Rice","Total","1921.00","2851.00","1575.00"
"Odisha","Ganjam","Maize","Kharif","1980.00","2370.00","2453.00"
"Odisha","Ganjam","Maize","Rabi","2138.00","",""
"Odisha","Ganjam","Maize","Summer","2617.00","1238.00","3100.00"
"Odisha","Ganjam","Maize","Total","2001.00","2240.00","2458.00"
"Odisha","Ganjam","Ragi","Kharif","948.00","992.00","1093.00"
"Odisha","Ganjam","Ragi","Rabi","1452.00","1636.00","965.00"
"Odisha","Ganjam","Ragi","Summer","1108.00","707.00","833.00"
"Odisha","Ganjam","Ragi","Total","975.00","995.00","1079.00"
"Odisha","Ganjam","Shree Anna /Nutri Cereals","Kharif","948.00","992.00","1093.00"
"Odisha","Ganjam","Shree Anna /Nutri Cereals","Rabi","1452.00","1636.00","965.00"
"Odisha","Ganjam","Shree Anna /Nutri Cereals","Summer","1108.00","707.00","833.00"
"Odisha","Ganjam","Shree Anna /Nutri Cereals","Total","975.00","995.00","1079.00"
"Odisha","Ganjam","Nutri/Coarse Cereals","Kharif","1390.00","1386.00","1792.00"
"Odisha","Ganjam","Nutri/Coarse Cereals","Rabi","1600.00","1636.00","965.00"
"Odisha","Ganjam","Nutri/Coarse Cereals","Summer","1373.00","1127.00","1400.00"
"Odisha","Ganjam","Nutri/Coarse Cereals","Total","1392.00","1376.00","1759.00"
"Odisha","Ganjam","Cereals","Kharif","1390.00","1430.00","1769.00"
"Odisha","Ganjam","Cereals","Rabi","1921.00","2851.00","1575.00"
"Odisha","Ganjam","Cereals","Summer","1373.00","1792.00","2108.00"
"Odisha","Ganjam","Cereals","Total","1916.00","2842.00","1576.00"
"Odisha","Ganjam","Urad","Kharif","234.00","896.00","281.00"
"Odisha","Ganjam","Urad","Rabi","216.00","286.00","233.00"
"Odisha","Ganjam","Urad","Summer","","260.00",""
"Odisha","Ganjam","Urad","Total","216.00","288.00","233.00"
"Odisha","Ganjam","Moong","Kharif","","2067.00",""
"Odisha","Ganjam","Moong","Rabi","215.00","299.00","243.00"
"Odisha","Ganjam","Moong","Summer","187.00","265.00",""
"Odisha","Ganjam","Moong","Total","211.00","299.00","243.00"
"Odisha","Ganjam","Other Pulses","Rabi","244.00","255.00","211.00"
"Odisha","Ganjam","Other Pulses","Total","244.00","255.00","211.00"
"Odisha","Ganjam","Total Pulses","Total","212.00","298.00","241.00"
"Odisha","Ganjam","Total Food Grains","Kharif","1357.00","1422.00","1657.00"
"Odisha","Ganjam","Total Food Grains","Rabi","1648.00","2195.00","1288.00"
"Odisha","Ganjam","Total Food Grains","Summer","212.00","1581.00","2108.00"
"Odisha","Ganjam","Total Food Grains","Total","1609.00","2191.00","1289.00"
"Odisha","Jagatsinghapur","Rice","Kharif","2000.00","1805.00","1878.00"
"Odisha","Jagatsinghapur","Rice","Rabi","2557.00","2998.00","1928.00"
"Odisha","Jagatsinghapur","Rice","Summer","","2786.00","2900.00"
"Odisha","Jagatsinghapur","Rice","Total","2550.00","2981.00","1938.00"
"Odisha","Jagatsinghapur","Cereals","Kharif","2000.00","1805.00","1878.00"
"Odisha","Jagatsinghapur","Cereals","Rabi","2557.00","2998.00","1928.00"
"Odisha","Jagatsinghapur","Cereals","Summer","","2786.00","2900.00"
"Odisha","Jagatsinghapur","Cereals","Total","2550.00","2981.00","1938.00"
"Odisha","Jagatsinghapur","Urad","Rabi","433.00","504.00","377.00"
"Odisha","Jagatsinghapur","Urad","Summer","435.00","404.00","402.00"
"Odisha","Jagatsinghapur","Urad","Total","434.00","434.00","395.00"
"Odisha","Jagatsinghapur","Moong","Summer","362.00","455.00","460.00"
"Odisha","Jagatsinghapur","Moong","Total","362.00","455.00","460.00"
"Odisha","Jagatsinghapur","Other Pulses","Rabi","465.00","460.00","459.00"
"Odisha","Jagatsinghapur","Other Pulses","Summer","277.00","400.00",""
"Odisha","Jagatsinghapur","Other Pulses","Total","459.00","460.00","459.00"
"Odisha","Jagatsinghapur","Total Pulses","Total","366.00","454.00","459.00"
"Odisha","Jagatsinghapur","Total Food Grains","Kharif","2000.00","1805.00","1878.00"
"Odisha","Jagatsinghapur","Total Food Grains","Rabi","2515.00","2982.00","1922.00"
"Odisha","Jagatsinghapur","Total Food Grains","Summer","363.00","462.00","524.00"
"Odisha","Jagatsinghapur","Total Food Grains","Total","1728.00","2215.00","1502.00"
"Odisha","Jajapur","Rice","Kharif","1125.00","1321.00","692.00"
"Odisha","Jajapur","Rice","Rabi","1247.00","2775.00","1469.00"
"Odisha","Jajapur","Rice","Summer","2000.00","2860.00","2881.00"
"Odisha","Jajapur","Rice","Total","1236.00","2579.00","1376.00"
"Odisha","Jajapur","Maize","Kharif","941.00","860.00",""
"Odisha","Jajapur","Maize","Total","941.00","860.00",""
"Odisha","Jajapur","Nutri/Coarse Cereals","Kharif","941.00","860.00",""
"Odisha","Jajapur","Nutri/Coarse Cereals","Total","941.00","860.00",""
"Odisha","Jajapur","Cereals","Kharif","1125.00","1321.00","692.00"
"Odisha","Jajapur","Cereals","Rabi","1247.00","2775.00","1469.00"
"Odisha","Jajapur","Cereals","Summer","2000.00","2860.00","2881.00"
"Odisha","Jajapur","Cereals","Total","1236.00","2579.00","1376.00"
"Odisha","Jajapur","Urad","Rabi","321.00","516.00","355.00"
"Odisha","Jajapur","Urad","Summer","163.00","406.00","100.00"
"Odisha","Jajapur","Urad","Total","321.00","516.00","355.00"
"Odisha","Jajapur","Moong","Rabi","","460.00",""
"Odisha","Jajapur","Moong","Summer","230.00","411.00","397.00"
"Odisha","Jajapur","Moong","Total","230.00","411.00","397.00"
"Odisha","Jajapur","Other Pulses","Rabi","334.00","497.00","323.00"
"Odisha","Jajapur","Other Pulses","Total","334.00","497.00","323.00"
"Odisha","Jajapur","Total Pulses","Total","257.00","445.00","382.00"
"Odisha","Jajapur","Total Food Grains","Kharif","1125.00","1321.00","692.00"
"Odisha","Jajapur","Total Food Grains","Rabi","1206.00","2607.00","1415.00"
"Odisha","Jajapur","Total Food Grains","Summer","384.00","584.00","679.00"
"Odisha","Jajapur","Total Food Grains","Total","1120.00","2208.00","1258.00"
"Odisha","Jharsuguda","Rice","Kharif","611.00","1568.00","1294.00"
"Odisha","Jharsuguda","Rice","Rabi","1143.00","2437.00","1829.00"
"Odisha","Jharsuguda","Rice","Summer","","2302.00","2373.00"
"Odisha","Jharsuguda","Rice","Total","935.00","2083.00","1596.00"
"Odisha","Jharsuguda","Maize","Kharif","3607.00","3118.00","2782.00"
"Odisha","Jharsuguda","Maize","Rabi","","2133.00","3200.00"
"Odisha","Jharsuguda","Maize","Summer","3000.00","","7050.00"
"Odisha","Jharsuguda","Maize","Total","3567.00","3036.00","2850.00"
"Odisha","Jharsuguda","Ragi","Kharif","","","167.00"
"Odisha","Jharsuguda","Ragi","Summer","","","100.00"
"Odisha","Jharsuguda","Ragi","Total","","","162.00"
"Odisha","Jharsuguda","Shree Anna /Nutri Cereals","Kharif","","","167.00"
"Odisha","Jharsuguda","Shree Anna /Nutri Cereals","Summer","","","100.00"
"Odisha","Jharsuguda","Shree Anna /Nutri Cereals","Total","","","162.00"
"Odisha","Jharsuguda","Nutri/Coarse Cereals","Kharif","3607.00","3118.00","2561.00"
"Odisha","Jharsuguda","Nutri/Coarse Cereals","Rabi","","2133.00","3200.00"
"Odisha","Jharsuguda","Nutri/Coarse Cereals","Summer","3000.00","","4733.00"
"Odisha","Jharsuguda","Nutri/Coarse Cereals","Total","3567.00","3036.00","2610.00"
"Odisha","Jharsuguda","Cereals","Kharif","613.00","1570.00","1302.00"
"Odisha","Jharsuguda","Cereals","Rabi","1143.00","2437.00","1829.00"
"Odisha","Jharsuguda","Cereals","Summer","3000.00","2302.00","2385.00"
"Odisha","Jharsuguda","Cereals","Total","936.00","2084.00","1599.00"
"Odisha","Jharsuguda","Urad","Kharif","180.00","414.00","805.00"
"Odisha","Jharsuguda","Urad","Rabi","","400.00","400.00"
"Odisha","Jharsuguda","Urad","Summer","","","405.00"
"Odisha","Jharsuguda","Urad","Total","180.00","411.00","706.00"
"Odisha","Jharsuguda","Moong","Kharif","","614.00","608.00"
"Odisha","Jharsuguda","Moong","Rabi","360.00","680.00","548.00"
"Odisha","Jharsuguda","Moong","Summer","353.00","594.00","496.00"
"Odisha","Jharsuguda","Moong","Total","354.00","609.00","526.00"
"Odisha","Jharsuguda","Other Pulses","Rabi","320.00","432.00","357.00"
"Odisha","Jharsuguda","Other Pulses","Total","320.00","432.00","357.00"
"Odisha","Jharsuguda","Total Pulses","Total","334.00","545.00","500.00"
"Odisha","Jharsuguda","Total Food Grains","Kharif","613.00","1564.00","1298.00"
"Odisha","Jharsuguda","Total Food Grains","Rabi","1140.00","2426.00","1815.00"
"Odisha","Jharsuguda","Total Food Grains","Summer","378.00","1991.00","1757.00"
"Odisha","Jharsuguda","Total Food Grains","Total","933.00","2071.00","1583.00"
"Odisha","Kalahandi","Rice","Kharif","707.00","1448.00","1521.00"
"Odisha","Kalahandi","Rice","Rabi","1070.00","2649.00","2207.00"
"Odisha","Kalahandi","Rice","Summer","2563.00","2627.00","2867.00"
"Odisha","Kalahandi","Rice","Total","1116.00","2380.00","2151.00"
"Odisha","Kalahandi","Wheat","Summer","100.00","500.00","2600.00"
"Odisha","Kalahandi","Wheat","Total","100.00","500.00","2600.00"
"Odisha","Kalahandi","Maize","Kharif","987.00","1194.00","1394.00"
"Odisha","Kalahandi","Maize","Rabi","1425.00","983.00","1171.00"
"Odisha","Kalahandi","Maize","Summer","1319.00","","1900.00"
"Odisha","Kalahandi","Maize","Total","996.00","1173.00","1377.00"
"Odisha","Kalahandi","Ragi","Kharif","309.00","496.00","575.00"
"Odisha","Kalahandi","Ragi","Rabi","366.00","557.00","519.00"
"Odisha","Kalahandi","Ragi","Total","348.00","513.00","541.00"
"Odisha","Kalahandi","Shree Anna /Nutri Cereals","Kharif","309.00","496.00","575.00"
"Odisha","Kalahandi","Shree Anna /Nutri Cereals","Rabi","366.00","557.00","519.00"
"Odisha","Kalahandi","Shree Anna /Nutri Cereals","Total","348.00","513.00","541.00"
"Odisha","Kalahandi","Nutri/Coarse Cereals","Kharif","847.00","961.00","1175.00"
"Odisha","Kalahandi","Nutri/Coarse Cereals","Rabi","372.00","708.00","608.00"
"Odisha","Kalahandi","Nutri/Coarse Cereals","Summer","1319.00","","1900.00"
"Odisha","Kalahandi","Nutri/Coarse Cereals","Total","706.00","918.00","997.00"
"Odisha","Kalahandi","Cereals","Kharif","712.00","1411.00","1508.00"
"Odisha","Kalahandi","Cereals","Rabi","1067.00","2637.00","2197.00"
"Odisha","Kalahandi","Cereals","Summer","2560.00","2627.00","2867.00"
"Odisha","Kalahandi","Cereals","Total","1111.00","2349.00","2137.00"
"Odisha","Kalahandi","Urad","Kharif","","533.00",""
"Odisha","Kalahandi","Urad","Rabi","172.00","460.00","391.00"
"Odisha","Kalahandi","Urad","Summer","562.00","333.00","381.00"
"Odisha","Kalahandi","Urad","Total","184.00","466.00","390.00"
"Odisha","Kalahandi","Moong","Kharif","","574.00",""
"Odisha","Kalahandi","Moong","Rabi","280.00","407.00","555.00"
"Odisha","Kalahandi","Moong","Summer","270.00","399.00","382.00"
"Odisha","Kalahandi","Moong","Total","272.00","410.00","459.00"
"Odisha","Kalahandi","Other Pulses","Rabi","170.00","416.00","367.00"
"Odisha","Kalahandi","Other Pulses","Total","170.00","416.00","367.00"
"Odisha","Kalahandi","Total Pulses","Total","243.00","419.00","424.00"
"Odisha","Kalahandi","Total Food Grains","Kharif","712.00","1397.00","1508.00"
"Odisha","Kalahandi","Total Food Grains","Rabi","1020.00","2437.00","2097.00"
"Odisha","Kalahandi","Total Food Grains","Summer","1675.00","2221.00","2588.00"
"Odisha","Kalahandi","Total Food Grains","Total","1039.00","2179.00","2045.00"
"Odisha","Kandhamal","Rice","Kharif","500.00","1285.00","1168.00"
"Odisha","Kandhamal","Rice","Rabi","923.00","1865.00","1599.00"
"Odisha","Kandhamal","Rice","Summer","","2361.00","2167.00"
"Odisha","Kandhamal","Rice","Total","867.00","1793.00","1561.00"
"Odisha","Kandhamal","Maize","Kharif","1071.00","1169.00","1198.00"
"Odisha","Kandhamal","Maize","Summer","2100.00","",""
"Odisha","Kandhamal","Maize","Total","1072.00","1169.00","1198.00"
"Odisha","Kandhamal","Ragi","Kharif","373.00","",""
"Odisha","Kandhamal","Ragi","Rabi","100.00","564.00","250.00"
"Odisha","Kandhamal","Ragi","Summer","","550.00",""
"Odisha","Kandhamal","Ragi","Total","354.00","562.00","250.00"
"Odisha","Kandhamal","Shree Anna /Nutri Cereals","Kharif","373.00","",""
"Odisha","Kandhamal","Shree Anna /Nutri Cereals","Rabi","100.00","564.00","250.00"
"Odisha","Kandhamal","Shree Anna /Nutri Cereals","Summer","","550.00",""
"Odisha","Kandhamal","Shree Anna /Nutri Cereals","Total","354.00","562.00","250.00"
"Odisha","Kandhamal","Nutri/Coarse Cereals","Kharif","1058.00","1169.00","1198.00"
"Odisha","Kandhamal","Nutri/Coarse Cereals","Rabi","100.00","564.00","250.00"
"Odisha","Kandhamal","Nutri/Coarse Cereals","Summer","2100.00","550.00",""
"Odisha","Kandhamal","Nutri/Coarse Cereals","Total","1057.00","1163.00","1196.00"
"Odisha","Kandhamal","Cereals","Kharif","637.00","1262.00","1176.00"
"Odisha","Kandhamal","Cereals","Rabi","923.00","1865.00","1599.00"
"Odisha","Kandhamal","Cereals","Summer","2100.00","2351.00","2167.00"
"Odisha","Kandhamal","Cereals","Total","875.00","1773.00","1550.00"
"Odisha","Kandhamal","Urad","Kharif","125.00","",""
"Odisha","Kandhamal","Urad","Rabi","96.00","264.00","259.00"
"Odisha","Kandhamal","Urad","Total","108.00","264.00","259.00"
"Odisha","Kandhamal","Moong","Kharif","","1450.00",""
"Odisha","Kandhamal","Moong","Rabi","103.00","189.00","233.00"
"Odisha","Kandhamal","Moong","Summer","200.00","",""
"Odisha","Kandhamal","Moong","Total","106.00","241.00","233.00"
"Odisha","Kandhamal","Other Pulses","Rabi","147.00","227.00","318.00"
"Odisha","Kandhamal","Other Pulses","Total","147.00","227.00","318.00"
"Odisha","Kandhamal","Total Pulses","Total","140.00","236.00","307.00"
"Odisha","Kandhamal","Total Food Grains","Kharif","634.00","1262.00","1176.00"
"Odisha","Kandhamal","Total Food Grains","Rabi","899.00","1826.00","1563.00"
"Odisha","Kandhamal","Total Food Grains","Summer","833.00","2351.00","2167.00"
"Odisha","Kandhamal","Total Food Grains","Total","855.00","1742.00","1519.00"
"Odisha","Kendrapara","Rice","Kharif","2000.00","2045.00","1809.00"
"Odisha","Kendrapara","Rice","Rabi","1836.00","2598.00","1374.00"
"Odisha","Kendrapara","Rice","Summer","2000.00","3429.00","1857.00"
"Odisha","Kendrapara","Rice","Total","1842.00","2598.00","1380.00"
"Odisha","Kendrapara","Cereals","Kharif","2000.00","2045.00","1809.00"
"Odisha","Kendrapara","Cereals","Rabi","1836.00","2598.00","1374.00"
"Odisha","Kendrapara","Cereals","Summer","2000.00","3429.00","1857.00"
"Odisha","Kendrapara","Cereals","Total","1842.00","2598.00","1380.00"
"Odisha","Kendrapara","Urad","Rabi","523.00","589.00","319.00"
"Odisha","Kendrapara","Urad","Summer","288.00","292.00","457.00"
"Odisha","Kendrapara","Urad","Total","494.00","578.00","345.00"
"Odisha","Kendrapara","Moong","Summer","374.00","488.00","431.00"
"Odisha","Kendrapara","Moong","Total","374.00","488.00","431.00"
"Odisha","Kendrapara","Other Pulses","Rabi","418.00","403.00","409.00"
"Odisha","Kendrapara","Other Pulses","Summer","","","680.00"
"Odisha","Kendrapara","Other Pulses","Total","418.00","403.00","446.00"
"Odisha","Kendrapara","Total Pulses","Total","404.00","517.00","417.00"
"Odisha","Kendrapara","Total Food Grains","Kharif","2000.00","2045.00","1809.00"
"Odisha","Kendrapara","Total Food Grains","Rabi","1766.00","2510.00","1346.00"
"Odisha","Kendrapara","Total Food Grains","Summer","504.00","586.00","437.00"
"Odisha","Kendrapara","Total Food Grains","Total","1562.00","2343.00","1221.00"
"Odisha","Kendujhar","Rice","Kharif","720.00","1442.00","1597.00"
"Odisha","Kendujhar","Rice","Rabi","1178.00","2275.00","2174.00"
"Odisha","Kendujhar","Rice","Summer","4000.00","2634.00","2609.00"
"Odisha","Kendujhar","Rice","Total","1131.00","2190.00","2097.00"
"Odisha","Kendujhar","Wheat","Summer","1593.00","","2292.00"
"Odisha","Kendujhar","Wheat","Total","1593.00","","2292.00"
"Odisha","Kendujhar","Maize","Kharif","1658.00","1692.00","1721.00"
"Odisha","Kendujhar","Maize","Summer","","","3133.00"
"Odisha","Kendujhar","Maize","Total","1658.00","1692.00","1723.00"
"Odisha","Kendujhar","Ragi","Rabi","","325.00",""
"Odisha","Kendujhar","Ragi","Total","","325.00",""
"Odisha","Kendujhar","Shree Anna /Nutri Cereals","Rabi","","325.00",""
"Odisha","Kendujhar","Shree Anna /Nutri Cereals","Total","","325.00",""
"Odisha","Kendujhar","Nutri/Coarse Cereals","Kharif","1658.00","1692.00","1721.00"
"Odisha","Kendujhar","Nutri/Coarse Cereals","Rabi","","325.00",""
"Odisha","Kendujhar","Nutri/Coarse Cereals","Summer","","","3133.00"
"Odisha","Kendujhar","Nutri/Coarse Cereals","Total","1658.00","1684.00","1723.00"
"Odisha","Kendujhar","Cereals","Kharif","764.00","1457.00","1606.00"
"Odisha","Kendujhar","Cereals","Rabi","1178.00","2275.00","2174.00"
"Odisha","Kendujhar","Cereals","Summer","3836.00","2634.00","2602.00"
"Odisha","Kendujhar","Cereals","Total","1135.00","2186.00","2093.00"
"Odisha","Kendujhar","Urad","Kharif","252.00","419.00","299.00"
"Odisha","Kendujhar","Urad","Rabi","272.00","577.00","394.00"
"Odisha","Kendujhar","Urad","Summer","386.00","451.00","497.00"
"Odisha","Kendujhar","Urad","Total","262.00","465.00","336.00"
"Odisha","Kendujhar","Moong","Kharif","","200.00",""
"Odisha","Kendujhar","Moong","Rabi","325.00","407.00","500.00"
"Odisha","Kendujhar","Moong","Summer","338.00","542.00","453.00"
"Odisha","Kendujhar","Moong","Total","337.00","471.00","457.00"
"Odisha","Kendujhar","Other Pulses","Rabi","238.00","488.00","439.00"
"Odisha","Kendujhar","Other Pulses","Summer","","333.00","373.00"
"Odisha","Kendujhar","Other Pulses","Total","238.00","488.00","427.00"
"Odisha","Kendujhar","Total Pulses","Total","285.00","475.00","405.00"
"Odisha","Kendujhar","Total Food Grains","Kharif","757.00","1403.00","1579.00"
"Odisha","Kendujhar","Total Food Grains","Rabi","1172.00","2247.00","2158.00"
"Odisha","Kendujhar","Total Food Grains","Summer","2262.00","1923.00","1656.00"
"Odisha","Kendujhar","Total Food Grains","Total","1124.00","2149.00","2069.00"
"Odisha","Khordha","Rice","Kharif","","1000.00","1000.00"
"Odisha","Khordha","Rice","Rabi","1408.00","2631.00","1615.00"
"Odisha","Khordha","Rice","Summer","4000.00","2750.00","3143.00"
"Odisha","Khordha","Rice","Total","1434.00","2632.00","1622.00"
"Odisha","Khordha","Maize","Kharif","3264.00","2471.00","1300.00"
"Odisha","Khordha","Maize","Summer","1967.00","",""
"Odisha","Khordha","Maize","Total","2806.00","2471.00","1300.00"
"Odisha","Khordha","Ragi","Kharif","700.00","720.00",""
"Odisha","Khordha","Ragi","Rabi","620.00","800.00","400.00"
"Odisha","Khordha","Ragi","Summer","900.00","500.00",""
"Odisha","Khordha","Ragi","Total","671.00","656.00","400.00"
"Odisha","Khordha","Shree Anna /Nutri Cereals","Kharif","700.00","720.00",""
"Odisha","Khordha","Shree Anna /Nutri Cereals","Rabi","620.00","800.00","400.00"
"Odisha","Khordha","Shree Anna /Nutri Cereals","Summer","900.00","500.00",""
"Odisha","Khordha","Shree Anna /Nutri Cereals","Total","671.00","656.00","400.00"
"Odisha","Khordha","Nutri/Coarse Cereals","Kharif","3050.00","2011.00","1300.00"
"Odisha","Khordha","Nutri/Coarse Cereals","Rabi","620.00","800.00","400.00"
"Odisha","Khordha","Nutri/Coarse Cereals","Summer","1814.00","500.00",""
"Odisha","Khordha","Nutri/Coarse Cereals","Total","2183.00","1761.00","850.00"
"Odisha","Khordha","Cereals","Kharif","3050.00","1662.00","1027.00"
"Odisha","Khordha","Cereals","Rabi","1408.00","2631.00","1615.00"
"Odisha","Khordha","Cereals","Summer","3985.00","2726.00","3143.00"
"Odisha","Khordha","Cereals","Total","1435.00","2631.00","1622.00"
"Odisha","Khordha","Urad","Rabi","297.00","372.00","275.00"
"Odisha","Khordha","Urad","Summer","238.00","489.00","407.00"
"Odisha","Khordha","Urad","Total","286.00","425.00","388.00"
"Odisha","Khordha","Moong","Rabi","261.00","",""
"Odisha","Khordha","Moong","Summer","214.00","425.00","426.00"
"Odisha","Khordha","Moong","Total","217.00","425.00","426.00"
"Odisha","Khordha","Other Pulses","Rabi","403.00","370.00","266.00"
"Odisha","Khordha","Other Pulses","Summer","173.00","",""
"Odisha","Khordha","Other Pulses","Total","344.00","370.00","266.00"
"Odisha","Khordha","Total Pulses","Total","225.00","425.00","420.00"
"Odisha","Khordha","Total Food Grains","Kharif","3050.00","1662.00","1027.00"
"Odisha","Khordha","Total Food Grains","Rabi","1380.00","2605.00","1611.00"
"Odisha","Khordha","Total Food Grains","Summer","438.00","459.00","542.00"
"Odisha","Khordha","Total Food Grains","Total","1244.00","2223.00","1500.00"
"Odisha","Koraput","Rice","Kharif","1000.00","1364.00","1519.00"
"Odisha","Koraput","Rice","Rabi","1940.00","2592.00","2300.00"
"Odisha","Koraput","Rice","Summer","2560.00","2845.00","2798.00"
"Odisha","Koraput","Rice","Total","1967.00","2530.00","2318.00"
"Odisha","Koraput","Maize","Kharif","2116.00","2173.00","2387.00"
"Odisha","Koraput","Maize","Rabi","","640.00",""
"Odisha","Koraput","Maize","Summer","2165.00","2255.00","2369.00"
"Odisha","Koraput","Maize","Total","2122.00","2130.00","2385.00"
"Odisha","Koraput","Ragi","Kharif","628.00","680.00","792.00"
"Odisha","Koraput","Ragi","Rabi","698.00","767.00","826.00"
"Odisha","Koraput","Ragi","Summer","726.00","539.00","703.00"
"Odisha","Koraput","Ragi","Total","683.00","747.00","817.00"
"Odisha","Koraput","Shree Anna /Nutri Cereals","Kharif","628.00","680.00","792.00"
"Odisha","Koraput","Shree Anna /Nutri Cereals","Rabi","698.00","767.00","826.00"
"Odisha","Koraput","Shree Anna /Nutri Cereals","Summer","726.00","539.00","703.00"
"Odisha","Koraput","Shree Anna /Nutri Cereals","Total","683.00","747.00","817.00"
"Odisha","Koraput","Nutri/Coarse Cereals","Kharif","1115.00","1357.00","1401.00"
"Odisha","Koraput","Nutri/Coarse Cereals","Rabi","698.00","766.00","826.00"
"Odisha","Koraput","Nutri/Coarse Cereals","Summer","2092.00","1900.00","2039.00"
"Odisha","Koraput","Nutri/Coarse Cereals","Total","841.00","980.00","1037.00"
"Odisha","Koraput","Cereals","Kharif","1046.00","1361.00","1463.00"
"Odisha","Koraput","Cereals","Rabi","1694.00","2270.00","2022.00"
"Odisha","Koraput","Cereals","Summer","2552.00","2839.00","2786.00"
"Odisha","Koraput","Cereals","Total","1744.00","2239.00","2057.00"
"Odisha","Koraput","Urad","Rabi","267.00","334.00","398.00"
"Odisha","Koraput","Urad","Summer","","345.00","428.00"
"Odisha","Koraput","Urad","Total","267.00","334.00","399.00"
"Odisha","Koraput","Moong","Rabi","","552.00","353.00"
"Odisha","Koraput","Moong","Summer","481.00","318.00","475.00"
"Odisha","Koraput","Moong","Total","481.00","353.00","470.00"
"Odisha","Koraput","Other Pulses","Rabi","297.00","428.00","447.00"
"Odisha","Koraput","Other Pulses","Total","297.00","428.00","447.00"
"Odisha","Koraput","Total Pulses","Total","293.00","383.00","434.00"
"Odisha","Koraput","Total Food Grains","Kharif","1046.00","1361.00","1463.00"
"Odisha","Koraput","Total Food Grains","Rabi","1654.00","2213.00","1971.00"
"Odisha","Koraput","Total Food Grains","Summer","2540.00","2801.00","2710.00"
"Odisha","Koraput","Total Food Grains","Total","1715.00","2195.00","2012.00"
"Odisha","Malkangiri","Rice","Kharif","900.00","919.00","963.00"
"Odisha","Malkangiri","Rice","Rabi","1395.00","2015.00","1826.00"
"Odisha","Malkangiri","Rice","Summer","2333.00","2000.00","1734.00"
"Odisha","Malkangiri","Rice","Total","1374.00","1946.00","1760.00"
"Odisha","Malkangiri","Maize","Kharif","1196.00","1077.00","1181.00"
"Odisha","Malkangiri","Maize","Rabi","1038.00","897.00",""
"Odisha","Malkangiri","Maize","Summer","1220.00","1600.00","2135.00"
"Odisha","Malkangiri","Maize","Total","1195.00","1064.00","1219.00"
"Odisha","Malkangiri","Ragi","Kharif","503.00","586.00","654.00"
"Odisha","Malkangiri","Ragi","Rabi","555.00","723.00","722.00"
"Odisha","Malkangiri","Ragi","Total","549.00","716.00","719.00"
"Odisha","Malkangiri","Shree Anna /Nutri Cereals","Kharif","503.00","586.00","654.00"
"Odisha","Malkangiri","Shree Anna /Nutri Cereals","Rabi","555.00","723.00","722.00"
"Odisha","Malkangiri","Shree Anna /Nutri Cereals","Total","549.00","716.00","719.00"
"Odisha","Malkangiri","Nutri/Coarse Cereals","Kharif","900.00","901.00","1011.00"
"Odisha","Malkangiri","Nutri/Coarse Cereals","Rabi","556.00","724.00","722.00"
"Odisha","Malkangiri","Nutri/Coarse Cereals","Summer","1220.00","1600.00","2135.00"
"Odisha","Malkangiri","Nutri/Coarse Cereals","Total","641.00","748.00","767.00"
"Odisha","Malkangiri","Cereals","Kharif","900.00","917.00","967.00"
"Odisha","Malkangiri","Cereals","Rabi","1365.00","1950.00","1780.00"
"Odisha","Malkangiri","Cereals","Summer","2328.00","1996.00","1737.00"
"Odisha","Malkangiri","Cereals","Total","1343.00","1881.00","1717.00"
"Odisha","Malkangiri","Urad","Rabi","195.00","274.00","303.00"
"Odisha","Malkangiri","Urad","Summer","400.00","","250.00"
"Odisha","Malkangiri","Urad","Total","195.00","274.00","303.00"
"Odisha","Malkangiri","Moong","Rabi","235.00","322.00","256.00"
"Odisha","Malkangiri","Moong","Summer","237.00","858.00","390.00"
"Odisha","Malkangiri","Moong","Total","236.00","475.00","376.00"
"Odisha","Malkangiri","Other Pulses","Rabi","175.00","303.00","277.00"
"Odisha","Malkangiri","Other Pulses","Total","175.00","303.00","277.00"
"Odisha","Malkangiri","Total Pulses","Total","188.00","295.00","296.00"
"Odisha","Malkangiri","Total Food Grains","Kharif","900.00","917.00","967.00"
"Odisha","Malkangiri","Total Food Grains","Rabi","1338.00","1902.00","1727.00"
"Odisha","Malkangiri","Total Food Grains","Summer","2303.00","1794.00","1648.00"
"Odisha","Malkangiri","Total Food Grains","Total","1320.00","1838.00","1669.00"
"Odisha","Mayurbhanj","Rice","Kharif","892.00","1641.00","1670.00"
"Odisha","Mayurbhanj","Rice","Rabi","986.00","2398.00","2039.00"
"Odisha","Mayurbhanj","Rice","Summer","2000.00","2665.00","2426.00"
"Odisha","Mayurbhanj","Rice","Total","984.00","2358.00","2023.00"
"Odisha","Mayurbhanj","Wheat","Summer","1438.00","1100.00","1667.00"
"Odisha","Mayurbhanj","Wheat","Total","1438.00","1100.00","1667.00"
"Odisha","Mayurbhanj","Maize","Kharif","1625.00","1818.00","1804.00"
"Odisha","Mayurbhanj","Maize","Rabi","2403.00","","3400.00"
"Odisha","Mayurbhanj","Maize","Summer","2427.00","2416.00","2471.00"
"Odisha","Mayurbhanj","Maize","Total","1678.00","1839.00","1874.00"
"Odisha","Mayurbhanj","Ragi","Kharif","","","57.00"
"Odisha","Mayurbhanj","Ragi","Total","","","57.00"
"Odisha","Mayurbhanj","Shree Anna /Nutri Cereals","Kharif","","","57.00"
"Odisha","Mayurbhanj","Shree Anna /Nutri Cereals","Total","","","57.00"
"Odisha","Mayurbhanj","Nutri/Coarse Cereals","Kharif","1625.00","1818.00","1778.00"
"Odisha","Mayurbhanj","Nutri/Coarse Cereals","Rabi","2403.00","","3400.00"
"Odisha","Mayurbhanj","Nutri/Coarse Cereals","Summer","2427.00","2416.00","2471.00"
"Odisha","Mayurbhanj","Nutri/Coarse Cereals","Total","1678.00","1839.00","1849.00"
"Odisha","Mayurbhanj","Cereals","Kharif","905.00","1650.00","1672.00"
"Odisha","Mayurbhanj","Cereals","Rabi","986.00","2398.00","2039.00"
"Odisha","Mayurbhanj","Cereals","Summer","1991.00","2661.00","2424.00"
"Odisha","Mayurbhanj","Cereals","Total","986.00","2356.00","2023.00"
"Odisha","Mayurbhanj","Urad","Kharif","277.00","439.00","285.00"
"Odisha","Mayurbhanj","Urad","Rabi","385.00","536.00","713.00"
"Odisha","Mayurbhanj","Urad","Summer","499.00","632.00","583.00"
"Odisha","Mayurbhanj","Urad","Total","322.00","472.00","359.00"
"Odisha","Mayurbhanj","Moong","Kharif","","804.00","408.00"
"Odisha","Mayurbhanj","Moong","Rabi","315.00","549.00","495.00"
"Odisha","Mayurbhanj","Moong","Summer","504.00","661.00","660.00"
"Odisha","Mayurbhanj","Moong","Total","491.00","661.00","628.00"
"Odisha","Mayurbhanj","Other Pulses","Rabi","298.00","411.00","508.00"
"Odisha","Mayurbhanj","Other Pulses","Total","298.00","411.00","508.00"
"Odisha","Mayurbhanj","Total Pulses","Total","384.00","587.00","528.00"
"Odisha","Mayurbhanj","Total Food Grains","Kharif","896.00","1598.00","1638.00"
"Odisha","Mayurbhanj","Total Food Grains","Rabi","984.00","2395.00","2037.00"
"Odisha","Mayurbhanj","Total Food Grains","Summer","1659.00","1859.00","2130.00"
"Odisha","Mayurbhanj","Total Food Grains","Total","982.00","2338.00","2015.00"
"Odisha","Nabarangpur","Rice","Kharif","810.00","1978.00","2067.00"
"Odisha","Nabarangpur","Rice","Rabi","1328.00","2906.00","2627.00"
"Odisha","Nabarangpur","Rice","Summer","2000.00","2583.00","2232.00"
"Odisha","Nabarangpur","Rice","Total","1254.00","2657.00","2464.00"
"Odisha","Nabarangpur","Wheat","Summer","1305.00","",""
"Odisha","Nabarangpur","Wheat","Total","1305.00","",""
"Odisha","Nabarangpur","Maize","Kharif","2172.00","3620.00","3175.00"
"Odisha","Nabarangpur","Maize","Rabi","4200.00","",""
"Odisha","Nabarangpur","Maize","Summer","2822.00","3051.00","2834.00"
"Odisha","Nabarangpur","Maize","Total","2223.00","3587.00","3147.00"
"Odisha","Nabarangpur","Ragi","Kharif","333.00","396.00","362.00"
"Odisha","Nabarangpur","Ragi","Rabi","321.00","266.00",""
"Odisha","Nabarangpur","Ragi","Summer","483.00","380.00","331.00"
"Odisha","Nabarangpur","Ragi","Total","330.00","373.00","361.00"
"Odisha","Nabarangpur","Shree Anna /Nutri Cereals","Kharif","333.00","396.00","362.00"
"Odisha","Nabarangpur","Shree Anna /Nutri Cereals","Rabi","321.00","266.00",""
"Odisha","Nabarangpur","Shree Anna /Nutri Cereals","Summer","483.00","380.00","331.00"
"Odisha","Nabarangpur","Shree Anna /Nutri Cereals","Total","330.00","373.00","361.00"
"Odisha","Nabarangpur","Nutri/Coarse Cereals","Kharif","2048.00","3479.00","3125.00"
"Odisha","Nabarangpur","Nutri/Coarse Cereals","Rabi","325.00","266.00",""
"Odisha","Nabarangpur","Nutri/Coarse Cereals","Summer","2777.00","3045.00","2815.00"
"Odisha","Nabarangpur","Nutri/Coarse Cereals","Total","2033.00","3428.00","3100.00"
"Odisha","Nabarangpur","Cereals","Kharif","1460.00","2725.00","2437.00"
"Odisha","Nabarangpur","Cereals","Rabi","1319.00","2897.00","2627.00"
"Odisha","Nabarangpur","Cereals","Summer","2499.00","2866.00","2583.00"
"Odisha","Nabarangpur","Cereals","Total","1378.00","2826.00","2555.00"
"Odisha","Nabarangpur","Urad","Kharif","700.00","",""
"Odisha","Nabarangpur","Urad","Rabi","391.00","683.00","533.00"
"Odisha","Nabarangpur","Urad","Summer","710.00","825.00","358.00"
"Odisha","Nabarangpur","Urad","Total","393.00","684.00","531.00"
"Odisha","Nabarangpur","Moong","Rabi","","","607.00"
"Odisha","Nabarangpur","Moong","Summer","496.00","579.00","358.00"
"Odisha","Nabarangpur","Moong","Total","496.00","579.00","452.00"
"Odisha","Nabarangpur","Other Pulses","Rabi","381.00","570.00","539.00"
"Odisha","Nabarangpur","Other Pulses","Total","381.00","570.00","539.00"
"Odisha","Nabarangpur","Total Pulses","Total","391.00","639.00","533.00"
"Odisha","Nabarangpur","Total Food Grains","Kharif","1460.00","2725.00","2437.00"
"Odisha","Nabarangpur","Total Food Grains","Rabi","1240.00","2558.00","2470.00"
"Odisha","Nabarangpur","Total Food Grains","Summer","2338.00","2559.00","2496.00"
"Odisha","Nabarangpur","Total Food Grains","Total","1315.00","2621.00","2459.00"
"Odisha","Nayagarh","Rice","Kharif","","1143.00",""
"Odisha","Nayagarh","Rice","Rabi","856.00","2286.00","1381.00"
"Odisha","Nayagarh","Rice","Summer","","2000.00",""
"Odisha","Nayagarh","Rice","Total","846.00","2285.00","1381.00"
"Odisha","Nayagarh","Maize","Kharif","1793.00","1954.00","1916.00"
"Odisha","Nayagarh","Maize","Rabi","967.00","",""
"Odisha","Nayagarh","Maize","Summer","1300.00","",""
"Odisha","Nayagarh","Maize","Total","1784.00","1954.00","1916.00"
"Odisha","Nayagarh","Ragi","Kharif","919.00","619.00","450.00"
"Odisha","Nayagarh","Ragi","Rabi","","","504.00"
"Odisha","Nayagarh","Ragi","Total","919.00","619.00","500.00"
"Odisha","Nayagarh","Shree Anna /Nutri Cereals","Kharif","919.00","619.00","450.00"
"Odisha","Nayagarh","Shree Anna /Nutri Cereals","Rabi","","","504.00"
"Odisha","Nayagarh","Shree Anna /Nutri Cereals","Total","919.00","619.00","500.00"
"Odisha","Nayagarh","Nutri/Coarse Cereals","Kharif","1702.00","1887.00","1901.00"
"Odisha","Nayagarh","Nutri/Coarse Cereals","Rabi","967.00","","504.00"
"Odisha","Nayagarh","Nutri/Coarse Cereals","Summer","1300.00","",""
"Odisha","Nayagarh","Nutri/Coarse Cereals","Total","1695.00","1887.00","1741.00"
"Odisha","Nayagarh","Cereals","Kharif","445.00","1753.00","1901.00"
"Odisha","Nayagarh","Cereals","Rabi","856.00","2286.00","1380.00"
"Odisha","Nayagarh","Cereals","Summer","1300.00","2000.00",""
"Odisha","Nayagarh","Cereals","Total","849.00","2284.00","1382.00"
"Odisha","Nayagarh","Urad","Rabi","228.00","329.00","434.00"
"Odisha","Nayagarh","Urad","Summer","130.00","","370.00"
"Odisha","Nayagarh","Urad","Total","226.00","329.00","429.00"
"Odisha","Nayagarh","Moong","Rabi","205.00","323.00","407.00"
"Odisha","Nayagarh","Moong","Summer","114.00","","216.00"
"Odisha","Nayagarh","Moong","Total","194.00","323.00","379.00"
"Odisha","Nayagarh","Other Pulses","Rabi","249.00","357.00","449.00"
"Odisha","Nayagarh","Other Pulses","Summer","91.00","",""
"Odisha","Nayagarh","Other Pulses","Total","244.00","357.00","449.00"
"Odisha","Nayagarh","Total Pulses","Total","198.00","325.00","390.00"
"Odisha","Nayagarh","Total Food Grains","Kharif","445.00","1753.00","1901.00"
"Odisha","Nayagarh","Total Food Grains","Rabi","738.00","1819.00","1172.00"
"Odisha","Nayagarh","Total Food Grains","Summer","115.00","2000.00","230.00"
"Odisha","Nayagarh","Total Food Grains","Total","721.00","1819.00","1144.00"
"Odisha","Nuapada","Rice","Kharif","333.00","908.00","424.00"
"Odisha","Nuapada","Rice","Rabi","867.00","1668.00","765.00"
"Odisha","Nuapada","Rice","Summer","3000.00","2711.00","2624.00"
"Odisha","Nuapada","Rice","Total","849.00","1458.00","677.00"
"Odisha","Nuapada","Maize","Kharif","1284.00","1551.00","1322.00"
"Odisha","Nuapada","Maize","Summer","","1500.00",""
"Odisha","Nuapada","Maize","Total","1284.00","1551.00","1322.00"
"Odisha","Nuapada","Ragi","Kharif","324.00","451.00","395.00"
"Odisha","Nuapada","Ragi","Total","324.00","451.00","395.00"
"Odisha","Nuapada","Shree Anna /Nutri Cereals","Kharif","324.00","451.00","395.00"
"Odisha","Nuapada","Shree Anna /Nutri Cereals","Total","324.00","451.00","395.00"
"Odisha","Nuapada","Nutri/Coarse Cereals","Kharif","952.00","1024.00","1174.00"
"Odisha","Nuapada","Nutri/Coarse Cereals","Summer","","1500.00",""
"Odisha","Nuapada","Nutri/Coarse Cereals","Total","952.00","1024.00","1174.00"
"Odisha","Nuapada","Cereals","Kharif","343.00","911.00","443.00"
"Odisha","Nuapada","Cereals","Rabi","867.00","1668.00","765.00"
"Odisha","Nuapada","Cereals","Summer","3000.00","2710.00","2624.00"
"Odisha","Nuapada","Cereals","Total","850.00","1453.00","682.00"
"Odisha","Nuapada","Urad","Kharif","223.00","323.00","264.00"
"Odisha","Nuapada","Urad","Rabi","","319.00","340.00"
"Odisha","Nuapada","Urad","Summer","","","400.00"
"Odisha","Nuapada","Urad","Total","223.00","323.00","264.00"
"Odisha","Nuapada","Moong","Kharif","161.00","422.00","229.00"
"Odisha","Nuapada","Moong","Rabi","258.00","393.00","349.00"
"Odisha","Nuapada","Moong","Summer","299.00","330.00","357.00"
"Odisha","Nuapada","Moong","Total","261.00","396.00","284.00"
"Odisha","Nuapada","Other Pulses","Rabi","241.00","311.00","294.00"
"Odisha","Nuapada","Other Pulses","Total","241.00","311.00","294.00"
"Odisha","Nuapada","Total Pulses","Total","237.00","354.00","275.00"
"Odisha","Nuapada","Total Food Grains","Kharif","326.00","786.00","409.00"
"Odisha","Nuapada","Total Food Grains","Rabi","852.00","1622.00","752.00"
"Odisha","Nuapada","Total Food Grains","Summer","2541.00","2160.00","1935.00"
"Odisha","Nuapada","Total Food Grains","Total","807.00","1324.00","639.00"
"Odisha","Puri","Rice","Kharif","","","2125.00"
"Odisha","Puri","Rice","Rabi","1895.00","2654.00","1575.00"
"Odisha","Puri","Rice","Summer","2815.00","3140.00","2270.00"
"Odisha","Puri","Rice","Total","2083.00","2720.00","1688.00"
"Odisha","Puri","Ragi","Summer","753.00","",""
"Odisha","Puri","Ragi","Total","753.00","",""
"Odisha","Puri","Shree Anna /Nutri Cereals","Summer","753.00","",""
"Odisha","Puri","Shree Anna /Nutri Cereals","Total","753.00","",""
"Odisha","Puri","Nutri/Coarse Cereals","Summer","753.00","",""
"Odisha","Puri","Nutri/Coarse Cereals","Total","753.00","",""
"Odisha","Puri","Cereals","Kharif","","","2125.00"
"Odisha","Puri","Cereals","Rabi","1895.00","2654.00","1575.00"
"Odisha","Puri","Cereals","Summer","2814.00","3140.00","2270.00"
"Odisha","Puri","Cereals","Total","2083.00","2720.00","1688.00"
"Odisha","Puri","Urad","Rabi","427.00","377.00","187.00"
"Odisha","Puri","Urad","Summer","287.00","522.00","503.00"
"Odisha","Puri","Urad","Total","394.00","447.00","422.00"
"Odisha","Puri","Moong","Rabi","145.00","",""
"Odisha","Puri","Moong","Summer","341.00","431.00","483.00"
"Odisha","Puri","Moong","Total","341.00","431.00","483.00"
"Odisha","Puri","Other Pulses","Rabi","427.00","390.00","260.00"
"Odisha","Puri","Other Pulses","Summer","","","395.00"
"Odisha","Puri","Other Pulses","Total","427.00","390.00","274.00"
"Odisha","Puri","Total Pulses","Total","351.00","433.00","468.00"
"Odisha","Puri","Total Food Grains","Kharif","","","2125.00"
"Odisha","Puri","Total Food Grains","Rabi","1809.00","2542.00","1550.00"
"Odisha","Puri","Total Food Grains","Summer","1337.00","1442.00","1225.00"
"Odisha","Puri","Total Food Grains","Total","1632.00","2223.00","1448.00"
"Odisha","Rayagada","Rice","Kharif","600.00","892.00","1323.00"
"Odisha","Rayagada","Rice","Rabi","1200.00","2421.00","2466.00"
"Odisha","Rayagada","Rice","Summer","2000.00","2280.00","2776.00"
"Odisha","Rayagada","Rice","Total","1173.00","2347.00","2409.00"
"Odisha","Rayagada","Maize","Kharif","1648.00","1461.00","1560.00"
"Odisha","Rayagada","Maize","Rabi","1050.00","1377.00","1429.00"
"Odisha","Rayagada","Maize","Summer","1698.00","1948.00","1767.00"
"Odisha","Rayagada","Maize","Total","1626.00","1455.00","1550.00"
"Odisha","Rayagada","Ragi","Kharif","624.00","691.00","744.00"
"Odisha","Rayagada","Ragi","Rabi","431.00","704.00","649.00"
"Odisha","Rayagada","Ragi","Summer","808.00","1194.00","1000.00"
"Odisha","Rayagada","Ragi","Total","514.00","702.00","661.00"
"Odisha","Rayagada","Shree Anna /Nutri Cereals","Kharif","624.00","691.00","744.00"
"Odisha","Rayagada","Shree Anna /Nutri Cereals","Rabi","431.00","704.00","649.00"
"Odisha","Rayagada","Shree Anna /Nutri Cereals","Summer","808.00","1194.00","1000.00"
"Odisha","Rayagada","Shree Anna /Nutri Cereals","Total","514.00","702.00","661.00"
"Odisha","Rayagada","Nutri/Coarse Cereals","Kharif","1129.00","1113.00","1297.00"
"Odisha","Rayagada","Nutri/Coarse Cereals","Rabi","448.00","749.00","673.00"
"Odisha","Rayagada","Nutri/Coarse Cereals","Summer","1308.00","1789.00","1732.00"
"Odisha","Rayagada","Nutri/Coarse Cereals","Total","849.00","888.00","869.00"
"Odisha","Rayagada","Cereals","Kharif","918.00","1037.00","1310.00"
"Odisha","Rayagada","Cereals","Rabi","1119.00","2190.00","2223.00"
"Odisha","Rayagada","Cereals","Summer","1948.00","2261.00","2765.00"
"Odisha","Rayagada","Cereals","Total","1108.00","2070.00","2147.00"
"Odisha","Rayagada","Urad","Rabi","176.00","385.00","400.00"
"Odisha","Rayagada","Urad","Summer","269.00","","517.00"
"Odisha","Rayagada","Urad","Total","177.00","385.00","401.00"
"Odisha","Rayagada","Moong","Rabi","168.00","383.00","565.00"
"Odisha","Rayagada","Moong","Summer","226.00","","638.00"
"Odisha","Rayagada","Moong","Total","184.00","383.00","569.00"
"Odisha","Rayagada","Other Pulses","Rabi","226.00","375.00","393.00"
"Odisha","Rayagada","Other Pulses","Total","226.00","375.00","393.00"
"Odisha","Rayagada","Total Pulses","Total","197.00","382.00","408.00"
"Odisha","Rayagada","Total Food Grains","Kharif","918.00","1037.00","1310.00"
"Odisha","Rayagada","Total Food Grains","Rabi","1050.00","2078.00","2073.00"
"Odisha","Rayagada","Total Food Grains","Summer","1895.00","2261.00","2723.00"
"Odisha","Rayagada","Total Food Grains","Total","1053.00","1978.00","2021.00"
"Odisha","Sambalpur","Rice","Kharif","571.00","1118.00","751.00"
"Odisha","Sambalpur","Rice","Rabi","1077.00","2001.00","1021.00"
"Odisha","Sambalpur","Rice","Summer","3625.00","3951.00","4038.00"
"Odisha","Sambalpur","Rice","Total","1047.00","1918.00","1102.00"
"Odisha","Sambalpur","Wheat","Summer","771.00","",""
"Odisha","Sambalpur","Wheat","Total","771.00","",""
"Odisha","Sambalpur","Maize","Kharif","997.00","1557.00",""
"Odisha","Sambalpur","Maize","Rabi","","1300.00",""
"Odisha","Sambalpur","Maize","Total","997.00","1550.00",""
"Odisha","Sambalpur","Ragi","Kharif","","400.00",""
"Odisha","Sambalpur","Ragi","Total","","400.00",""
"Odisha","Sambalpur","Shree Anna /Nutri Cereals","Kharif","","400.00",""
"Odisha","Sambalpur","Shree Anna /Nutri Cereals","Total","","400.00",""
"Odisha","Sambalpur","Nutri/Coarse Cereals","Kharif","997.00","1526.00",""
"Odisha","Sambalpur","Nutri/Coarse Cereals","Rabi","","1300.00",""
"Odisha","Sambalpur","Nutri/Coarse Cereals","Total","997.00","1521.00",""
"Odisha","Sambalpur","Cereals","Kharif","572.00","1118.00","751.00"
"Odisha","Sambalpur","Cereals","Rabi","1077.00","2001.00","1021.00"
"Odisha","Sambalpur","Cereals","Summer","3608.00","3951.00","4038.00"
"Odisha","Sambalpur","Cereals","Total","1047.00","1917.00","1102.00"
"Odisha","Sambalpur","Urad","Kharif","236.00","487.00",""
"Odisha","Sambalpur","Urad","Rabi","300.00","572.00","660.00"
"Odisha","Sambalpur","Urad","Summer","275.00","","400.00"
"Odisha","Sambalpur","Urad","Total","250.00","499.00","629.00"
"Odisha","Sambalpur","Moong","Kharif","272.00","488.00",""
"Odisha","Sambalpur","Moong","Rabi","213.00","551.00","540.00"
"Odisha","Sambalpur","Moong","Summer","452.00","606.00","580.00"
"Odisha","Sambalpur","Moong","Total","405.00","535.00","563.00"
"Odisha","Sambalpur","Other Pulses","Rabi","309.00","468.00","512.00"
"Odisha","Sambalpur","Other Pulses","Total","309.00","468.00","512.00"
"Odisha","Sambalpur","Total Pulses","Total","351.00","512.00","551.00"
"Odisha","Sambalpur","Total Food Grains","Kharif","571.00","1109.00","751.00"
"Odisha","Sambalpur","Total Food Grains","Rabi","1074.00","1993.00","1020.00"
"Odisha","Sambalpur","Total Food Grains","Summer","3516.00","3910.00","3987.00"
"Odisha","Sambalpur","Total Food Grains","Total","1044.00","1906.00","1101.00"
"Odisha","Sonepur","Rice","Kharif","529.00","1735.00","873.00"
"Odisha","Sonepur","Rice","Rabi","2430.00","3252.00","2046.00"
"Odisha","Sonepur","Rice","Summer","3897.00","4166.00","3785.00"
"Odisha","Sonepur","Rice","Total","2508.00","3319.00","2345.00"
"Odisha","Sonepur","Maize","Rabi","8610.00","4046.00",""
"Odisha","Sonepur","Maize","Total","8610.00","4046.00",""
"Odisha","Sonepur","Nutri/Coarse Cereals","Rabi","8610.00","4046.00",""
"Odisha","Sonepur","Nutri/Coarse Cereals","Total","8610.00","4046.00",""
"Odisha","Sonepur","Cereals","Kharif","529.00","1735.00","873.00"
"Odisha","Sonepur","Cereals","Rabi","2431.00","3253.00","2046.00"
"Odisha","Sonepur","Cereals","Summer","3897.00","4166.00","3785.00"
"Odisha","Sonepur","Cereals","Total","2508.00","3319.00","2345.00"
"Odisha","Sonepur","Urad","Rabi","246.00","289.00","233.00"
"Odisha","Sonepur","Urad","Total","246.00","289.00","233.00"
"Odisha","Sonepur","Moong","Kharif","100.00","340.00",""
"Odisha","Sonepur","Moong","Rabi","306.00","478.00","371.00"
"Odisha","Sonepur","Moong","Summer","367.00","431.00","444.00"
"Odisha","Sonepur","Moong","Total","330.00","446.00","401.00"
"Odisha","Sonepur","Other Pulses","Rabi","317.00","437.00","378.00"
"Odisha","Sonepur","Other Pulses","Total","317.00","437.00","378.00"
"Odisha","Sonepur","Total Pulses","Total","327.00","435.00","390.00"
"Odisha","Sonepur","Total Food Grains","Kharif","529.00","1735.00","873.00"
"Odisha","Sonepur","Total Food Grains","Rabi","2376.00","3219.00","2036.00"
"Odisha","Sonepur","Total Food Grains","Summer","3782.00","4035.00","3769.00"
"Odisha","Sonepur","Total Food Grains","Total","2456.00","3272.00","2336.00"
"Odisha","Sundargarh","Rice","Kharif","888.00","1170.00","1509.00"
"Odisha","Sundargarh","Rice","Rabi","1368.00","2026.00","1972.00"
"Odisha","Sundargarh","Rice","Summer","1000.00","1444.00","1688.00"
"Odisha","Sundargarh","Rice","Total","1169.00","1696.00","1759.00"
"Odisha","Sundargarh","Wheat","Summer","1366.00","1587.00","1836.00"
"Odisha","Sundargarh","Wheat","Total","1366.00","1587.00","1836.00"
"Odisha","Sundargarh","Maize","Kharif","2253.00","1901.00","1908.00"
"Odisha","Sundargarh","Maize","Rabi","4300.00","2150.00","3050.00"
"Odisha","Sundargarh","Maize","Summer","2300.00","","2071.00"
"Odisha","Sundargarh","Maize","Total","2264.00","1903.00","1918.00"
"Odisha","Sundargarh","Ragi","Kharif","664.00","610.00","682.00"
"Odisha","Sundargarh","Ragi","Rabi","200.00","551.00","821.00"
"Odisha","Sundargarh","Ragi","Total","625.00","593.00","714.00"
"Odisha","Sundargarh","Shree Anna /Nutri Cereals","Kharif","664.00","610.00","682.00"
"Odisha","Sundargarh","Shree Anna /Nutri Cereals","Rabi","200.00","551.00","821.00"
"Odisha","Sundargarh","Shree Anna /Nutri Cereals","Total","625.00","593.00","714.00"
"Odisha","Sundargarh","Nutri/Coarse Cereals","Kharif","2221.00","1745.00","1531.00"
"Odisha","Sundargarh","Nutri/Coarse Cereals","Rabi","3275.00","821.00","936.00"
"Odisha","Sundargarh","Nutri/Coarse Cereals","Summer","2300.00","","2071.00"
"Odisha","Sundargarh","Nutri/Coarse Cereals","Total","2229.00","1696.00","1483.00"
"Odisha","Sundargarh","Cereals","Kharif","897.00","1179.00","1510.00"
"Odisha","Sundargarh","Cereals","Rabi","1368.00","2025.00","1971.00"
"Odisha","Sundargarh","Cereals","Summer","1048.00","1492.00","1719.00"
"Odisha","Sundargarh","Cereals","Total","1172.00","1696.00","1758.00"
"Odisha","Sundargarh","Urad","Kharif","234.00","382.00","405.00"
"Odisha","Sundargarh","Urad","Rabi","315.00","414.00","503.00"
"Odisha","Sundargarh","Urad","Total","246.00","384.00","418.00"
"Odisha","Sundargarh","Moong","Kharif","300.00","368.00","407.00"
"Odisha","Sundargarh","Moong","Rabi","286.00","418.00","829.00"
"Odisha","Sundargarh","Moong","Summer","363.00","195.00","588.00"
"Odisha","Sundargarh","Moong","Total","357.00","355.00","596.00"
"Odisha","Sundargarh","Other Pulses","Rabi","267.00","430.00","498.00"
"Odisha","Sundargarh","Other Pulses","Total","267.00","430.00","498.00"
"Odisha","Sundargarh","Total Pulses","Total","267.00","408.00","491.00"
"Odisha","Sundargarh","Total Food Grains","Kharif","889.00","1151.00","1498.00"
"Odisha","Sundargarh","Total Food Grains","Rabi","1343.00","1970.00","1912.00"
"Odisha","Sundargarh","Total Food Grains","Summer","926.00","1029.00","1095.00"
"Odisha","Sundargarh","Total Food Grains","Total","1155.00","1651.00","1723.00"